satellite_id,OBJECT_NAME,OBJECT_ID,EPOCH,MEAN_MOTION,ECCENTRICITY,INCLINATION,RA_OF_ASC_NODE,ARG_OF_PERICENTER,MEAN_ANOMALY,EPHEMERIS_TYPE,CLASSIFICATION_TYPE,NORAD_CAT_ID,ELEMENT_SET_NO,REV_AT_EPOCH,BSTAR,MEAN_MOTION_DOT,MEAN_MOTION_DDOT,operator,orbit_type,eccentricity_risk
1,EUTELSAT 174A,2005-052A,2026-06-20T08:31:31.160928,1.00272302,0.0006308,4.2287,76.4905,11.1427,122.7677,0,U,28924,999,5236,0,3e-08,0,EUTELSAT,GEO,0.6308
2,EUTELSAT 33F,2006-032A,2026-06-20T07:50:48.886944,1.00272297,0.0003855,1.6709,82.2134,4.8576,332.2502,0,U,29270,999,4733,0,1.51e-06,0,EUTELSAT,GEO,0.3855
3,EUTELSAT HOTBIRD 13C,2008-065A,2026-06-20T09:10:06.278304,1.00269969,0.0003462,2.9595,79.157,9.9025,266.7513,0,U,33459,999,4737,0,-2.88e-06,0,EUTELSAT,GEO,0.3462
4,EUTELSAT 36B,2009-065A,2026-06-20T09:38:56.014080,1.00269534,0.0005548,0.5002,81.1638,5.9114,16.7617,0,U,36101,999,6074,0,1.08e-06,0,EUTELSAT,GEO,0.5548000000000001
5,EUTELSAT KA-SAT 9A,2010-069A,2026-06-20T07:44:19.508928,1.00269176,0.0003782,0.061,12.2628,114.8672,266.4917,0,U,37258,999,4403,0,5.7e-07,0,EUTELSAT,GEO,0.3782
6,EUTELSAT 7 WEST A,2011-051A,2026-06-20T09:22:20.103744,1.00271971,0.0004255,0.0679,22.5916,76.3569,302.9137,0,U,37816,999,5390,0,-6.5e-07,0,EUTELSAT,GEO,0.4255
7,EUTELSAT 16A,2011-057A,2026-06-20T07:46:19.318080,1.00269662,0.0005674,0.0401,347.1884,102.0888,311.8462,0,U,37836,999,736,0,9.9e-07,0,EUTELSAT,GEO,0.5674
8,EUTELSAT 21B,2012-062B,2026-06-20T07:47:56.663232,1.00269086,0.0003048,0.065,351.1649,87.9936,327.9799,0,U,38992,999,4985,0,1.25e-06,0,EUTELSAT,GEO,0.3047999999999999
9,EUTELSAT 70B,2012-069A,2026-06-20T09:44:36.558816,1.00271913,0.0003863,0.068,22.0297,59.0398,44.1885,0,U,39020,999,4954,0,-4.8e-07,0,EUTELSAT,GEO,0.3863
10,EUTELSAT 117 WEST A,2013-012A,2026-06-20T08:46:38.646048,1.00272134,0.0002809,0.0223,39.9608,49.3889,194.0807,0,U,39122,999,4846,0,-1.7e-07,0,EUTELSAT,GEO,0.2809
11,EUTELSAT 7B,2013-022A,2026-06-20T09:26:27.211200,1.00270344,0.0004439,0.0639,358.463,38.25,20.4962,0,U,39163,999,4797,0,4.3e-07,0,EUTELSAT,GEO,0.4439
12,EXPRESS-AT1,2014-010A,2026-06-21T11:22:20.640864,1.00304441,0.0003873,0.27,85.5903,44.0452,13.4417,0,U,39612,999,4486,0,1.8e-07,0,EUTELSAT,GEO,0.3873
13,EXPRESS-AT2,2014-010B,2026-06-20T06:14:49.075008,1.00274646,8.23e-05,0.0175,318.6576,346.7956,112.7065,0,U,39613,999,4452,0,7.3e-07,0,EUTELSAT,GEO,0.0823
14,EUTELSAT 3B,2014-030A,2026-06-20T09:25:19.818336,1.00271871,0.0004071,0.0693,24.2659,62.9003,325.8468,0,U,39773,999,4409,0,1.5e-07,0,EUTELSAT,GEO,0.4070999999999999
15,EUTELSAT 115 WEST B,2015-010B,2026-06-19T22:35:41.436384,1.00276894,4.6e-05,0.0097,152.881,27.2731,312.0421,0,U,40425,999,4142,0,-3.1e-07,0,EUTELSAT,GEO,0.046
16,EUTELSAT 8 WEST B,2015-039B,2026-06-20T09:22:12.617184,1.00271553,0.0003869,0.0624,352.8456,93.5427,314.7707,0,U,40875,999,3968,0,-7e-07,0,EUTELSAT,GEO,0.3869
17,EUTELSAT 9B,2016-005A,2026-06-20T07:44:19.508928,1.00272797,0.0001691,0.0887,76.7287,335.623,341.2375,0,U,41310,999,3814,0,5.7e-07,0,EUTELSAT,GEO,0.1691
18,EUTELSAT 65 WEST A,2016-014A,2026-06-20T09:05:51.684288,1.00273449,0.0002451,0.0503,338.6021,106.2797,254.9608,0,U,41382,999,3755,0,-2.81e-06,0,EUTELSAT,GEO,0.2450999999999999
19,EUTELSAT 117 WEST B,2016-038B,2026-06-20T08:46:38.646048,1.00272242,4.96e-05,0.0119,154.994,333.4232,154.8419,0,U,41589,999,3669,0,-1.6e-07,0,EUTELSAT,GEO,0.0496
20,EUTELSAT 172B,2017-029B,2026-06-20T08:30:53.722080,1.00270918,3.7e-06,0.0377,155.9076,181.7147,230.6812,0,U,42741,999,3377,0,-1e-07,0,EUTELSAT,GEO,0.0037
21,EUTELSAT 7C,2019-034B,2026-06-20T00:53:09.062016,1.00270984,0.00031481,0.0727,176.6467,255.4742,216.4246,0,U,44334,999,686,0,4.3e-07,0,EUTELSAT,GEO,0.31481
22,EUTELSAT 5 WEST B,2019-067A,2026-06-20T09:23:05.034336,1.00270225,0.000311,0.0621,352.344,96.7408,315.3001,0,U,44624,999,2446,0,-4.7e-07,0,EUTELSAT,GEO,0.311
23,EUTELSAT KONNECT,2020-005B,2026-06-20T09:26:27.211200,1.00268395,0.0001378,0.073,95.2851,136.3918,185.7438,0,U,45027,999,2436,0,4.4e-07,0,EUTELSAT,GEO,0.1377999999999999
24,EUTELSAT QUANTUM,2021-069B,2026-06-18T18:17:49.761600,1.00272154,0.00021116,0.0145,22.6393,63.8054,142.7031,0,U,49056,999,1794,0,1.2e-06,0,EUTELSAT,GEO,0.21116
25,EUTELSAT KONNECT VHTS,2022-110A,2026-06-20T00:51:54.181728,1.00272019,0.00023652,0.0641,99.9422,345.5386,198.4343,0,U,53765,999,686,0,1.2e-07,0,EUTELSAT,GEO,0.2365199999999999
26,EUTELSAT HOTBIRD 13F,2022-134A,2026-06-20T04:20:11.069088,1.00273367,0.00019473,0.0471,295.1519,64.5697,346.7332,0,U,54048,999,1340,0,8.2e-07,0,EUTELSAT,GEO,0.19473
27,EUTELSAT HOTBIRD 13G,2022-146A,2026-06-20T02:37:30.728352,1.00272784,0.0002093,0.0472,222.5154,317.6469,140.539,0,U,54225,999,749,0,8.2e-07,0,EUTELSAT,GEO,0.2092999999999999
28,EUTELSAT 10B,2022-157A,2026-06-20T07:44:19.508928,1.00266775,0.000131,0.0633,97.3477,6.5284,290.7143,0,U,54259,999,1305,0,6.3e-07,0,EUTELSAT,GEO,0.131
29,EUTELSAT 36D,2024-059A,2026-06-20T06:09:27.088128,1.00267349,8.2e-06,0.0182,14.3572,90.7827,291.5697,0,U,59346,999,817,0,0.0,0,EUTELSAT,GEO,0.0081999999999999
30,TDRS 3,1988-091B,2026-06-20T09:10:28.742304,1.00272364,0.00383,12.599,340.985,356.4263,19.9856,0,U,19548,999,12542,0,-3.09e-06,0,GEO,NON_GEO,3.83
31,FLTSATCOM 8 (USA 46),1989-077A,2026-06-20T10:51:12.936384,1.00275807,0.000422,12.4207,351.1441,57.5068,148.5574,0,U,20253,999,26059,0,-3.77e-06,0,GEO,NON_GEO,0.422
32,SKYNET 4C,1990-079A,2026-06-11T04:50:51.491040,1.00274127,0.00024,13.3424,349.8525,96.2313,279.5534,0,U,20776,999,13083,0,1.32e-06,0,GEO,NON_GEO,0.24
33,TDRS 5,1991-054B,2026-06-20T11:39:58.982112,1.00276037,0.0006201,14.0706,353.7579,274.9854,7.2953,0,U,21639,999,12774,0,7.3e-07,0,GEO,NON_GEO,0.6201
34,TDRS 6,1993-003B,2026-06-20T01:03:30.623616,1.00270344,0.00082095,14.1828,357.0374,178.47,62.8072,0,U,22314,999,12243,0,-3.07e-06,0,GEO,NON_GEO,0.82095
35,UFO 2 (USA 95),1993-056A,2026-06-20T04:24:40.638816,1.00270176,0.0004971,11.8958,3.5382,9.3128,350.3609,0,U,22787,999,11857,0,1.14e-06,0,GEO,NON_GEO,0.4971
36,USA 99 (MILSTAR-1 1),1994-009A,2026-06-19T20:28:38.572608,0.98724155,8.495e-05,17.6313,27.6798,225.3426,312.3366,0,U,22988,999,3297,0,-2.36e-06,0,GEO,NON_GEO,0.08495
37,UFO 4 (USA 108),1995-003A,2026-06-20T08:30:53.722080,1.00272715,0.0003078,9.6904,13.2184,71.6725,123.5778,0,U,23467,999,11498,0,-3.2e-07,0,GEO,NON_GEO,0.3078
38,TDRS 7,1995-035B,2026-06-19T23:33:48.962880,1.00280526,0.00115795,13.376,348.1707,83.0115,279.2998,0,U,23613,999,11328,0,-2.5e-06,0,GEO,NON_GEO,1.15795
39,USA 115 (MILSTAR-1 2),1995-060A,2026-06-20T05:18:45.412416,1.00364409,0.0001604,14.074,3.7293,135.3698,115.8094,0,U,23712,999,3291,0,-2.08e-06,0,GEO,NON_GEO,0.1604
40,INMARSAT 3-F1,1996-020A,2026-06-20T05:31:38.559360,0.99978301,0.0003787,10.6069,46.6064,56.4316,149.9351,0,U,23839,999,11028,0,-1.08e-06,0,GEO,NON_GEO,0.3787
41,INMARSAT 3-F2,1996-053A,2026-06-20T11:10:40.005120,1.00002274,0.0006603,9.8639,53.903,33.0245,135.6144,0,U,24307,999,10895,0,-2.9e-06,0,GEO,NON_GEO,0.6603
42,INMARSAT 3-F3,1996-070A,2026-06-19T19:54:24.651072,0.99983665,0.00032728,10.3236,49.6281,29.1261,167.667,0,U,24674,999,10793,0,1.27e-06,0,GEO,NON_GEO,0.32728
43,AMC-3,1997-050A,2026-06-20T08:43:22.524096,0.99063277,0.0004276,8.1731,63.9526,28.7988,162.4826,0,U,24936,999,5246,0,3.2e-07,0,GEO,NON_GEO,0.4276
44,USA 134,1997-065A,2026-06-20T09:22:01.989120,1.00268962,0.0003372,12.7884,21.7019,339.9641,295.1138,0,U,25019,999,3298,0,-7.3e-07,0,GEO,NON_GEO,0.3372
45,INMARSAT 3-F5,1998-006B,2026-06-20T02:18:24.384384,1.00274648,0.0004223,9.7004,53.2332,31.4135,164.2527,0,U,25153,999,10392,0,-3e-06,0,GEO,NON_GEO,0.4223
46,ABS-6,1999-053A,2026-06-20T11:06:32.399136,1.00269039,0.0003808,0.0231,32.575,75.7645,125.985,0,U,25924,999,9787,0,0.0,0,GEO,GEO,0.3807999999999999
47,UFO 10 (USA 146),1999-063A,2026-06-20T09:17:58.024032,1.00270301,0.0001926,9.8747,27.1851,45.2927,312.6649,0,U,25967,999,9737,0,-1.98e-06,0,GEO,NON_GEO,0.1926
48,ASIASTAR,2000-016A,2026-06-19T15:05:11.116896,1.00267815,0.00045953,9.1362,58.1299,30.2265,150.752,0,U,26107,999,9594,0,-3.42e-06,0,GEO,NON_GEO,0.45953
49,USA 149 (DSP 20),2000-024A,2026-06-20T04:30:27.857088,1.00276399,0.00019663,13.1731,11.8345,315.8167,203.0148,0,U,26356,999,3294,0,8.4e-07,0,GEO,NON_GEO,0.19663
50,TDRS 8,2000-034A,2026-06-19T14:59:19.180320,1.00277176,0.00051407,12.6858,31.2997,29.933,156.0649,0,U,26388,999,9520,0,-2.06e-06,0,GEO,NON_GEO,0.51407
51,NSS-11,2000-059A,2026-06-20T08:32:01.114080,1.00272335,0.0002909,2.1358,81.3554,358.9834,132.2266,0,U,26554,999,4132,0,2e-07,0,GEO,GEO,0.2909
52,USA 153,2000-065A,2026-06-19T19:04:21.864864,1.0026913,0.00029936,11.6293,35.401,47.0413,246.1317,0,U,26575,999,3295,0,-3.35e-06,0,GEO,NON_GEO,0.2993599999999999
53,AMC-6,2000-067A,2026-06-20T09:28:38.667936,1.00270149,0.0003583,0.1614,83.1922,14.354,178.1789,0,U,26580,999,9392,0,8.4e-07,0,GEO,GEO,0.3583
54,USA 157 (MILSTAR-2 2),2001-009A,2026-06-20T10:02:43.933056,1.00276594,0.0039242,11.5467,19.7486,177.4528,72.0947,0,U,26715,999,3297,0,1e-06,0,GEO,NON_GEO,3.9242
55,INTELSAT 902 (IS-902),2001-039A,2026-06-20T04:02:12.791904,1.00270935,0.00042805,6.1243,71.7474,14.2873,192.7993,0,U,26900,999,9072,0,-2.9e-06,0,GEO,NON_GEO,0.42805
56,USA 164 (MILSTAR-2 3),2002-001A,2026-06-20T06:04:35.056128,1.00267381,0.0099678,11.184,21.8926,8.2747,348.444,0,U,27168,999,3298,0,8.7e-07,0,GEO,NON_GEO,9.9678
57,INTELSAT 904 (IS-904),2002-007A,2026-06-20T02:24:46.948032,1.00270151,0.0006584,6.9283,69.151,7.3069,196.5436,0,U,27380,999,5179,0,-2.33e-06,0,GEO,NON_GEO,0.6584
58,DIRECTV 5 (TEMPO 1),2002-023A,2026-06-20T10:03:08.932032,1.00272003,0.000324,4.8871,75.272,16.1878,217.8431,0,U,27426,999,8815,0,-6.3e-07,0,GEO,GEO,0.324
59,INTELSAT 905 (IS-905),2002-027A,2026-06-20T08:45:14.844096,1.0027292,0.0003977,6.7625,69.7638,23.7456,169.1624,0,U,27438,999,5139,0,8.7e-07,0,GEO,NON_GEO,0.3977
60,GALAXY 3C (G-3C),2002-030A,2026-06-20T08:30:38.771424,1.00271504,0.000169,3.7412,77.9368,28.7445,194.6953,0,U,27445,999,4652,0,-1.58e-06,0,GEO,GEO,0.1689999999999999
61,INTELSAT 906 (IS-906),2002-041A,2026-06-20T04:34:47.170272,1.00270726,0.0004435,5.8098,72.8851,0.994,327.373,0,U,27513,999,8705,0,6e-08,0,GEO,NON_GEO,0.4435
62,NIMIQ 2,2002-062A,2026-06-20T06:25:22.919232,1.00272421,0.0005585,9.4541,56.8684,25.9598,172.8061,0,U,27632,999,4421,0,-7.8e-07,0,GEO,NON_GEO,0.5585
63,USA 167,2003-008A,2026-06-20T09:24:03.839904,1.00272738,0.0003974,10.9686,43.3827,314.8643,289.6742,0,U,27691,999,680,0,-6e-08,0,GEO,NON_GEO,0.3974
64,USA 169 (MILSTAR-2 4),2003-012A,2026-06-19T22:09:16.142400,1.00272889,0.01007587,12.3541,29.8224,9.2727,353.5115,0,U,27711,999,3298,0,-2.71e-06,0,GEO,NON_GEO,10.07587
65,ASIASAT 4,2003-014A,2026-06-20T11:07:18.165216,1.00272462,0.0002905,4.712,75.7059,15.9102,131.4326,0,U,27718,999,4533,0,-2.28e-06,0,GEO,GEO,0.2905
66,HELLAS-SAT 2,2003-020A,2026-06-19T23:05:37.872960,1.00271497,0.00026171,7.3623,67.8529,28.2464,148.4599,0,U,27811,999,4287,0,-9.2e-07,0,GEO,NON_GEO,0.26171
67,THURAYA-2,2003-026A,2026-06-20T06:11:41.872992,1.00272422,0.000297,8.8445,31.9625,12.7773,0.6575,0,U,27825,999,8438,0,1.16e-06,0,GEO,NON_GEO,0.297
68,OPTUS C1,2003-028B,2026-06-19T13:36:58.291776,1.00272247,0.00055809,6.8966,69.3822,14.9031,183.4988,0,U,27831,999,5308,0,-1.59e-06,0,GEO,NON_GEO,0.55809
69,USA 170,2003-040A,2026-06-20T00:13:14.759904,1.00269476,0.0001755,10.507,47.924,42.2712,205.5706,0,U,27875,999,3302,0,1.16e-06,0,GEO,NON_GEO,0.1755
70,GALAXY 13 (HORIZONS-1),2003-044A,2026-06-20T10:43:38.786880,1.00272486,0.0002186,1.4272,83.8231,358.333,197.402,0,U,27954,999,4660,0,1.28e-06,0,GEO,GEO,0.2186
71,YAMAL 202,2003-053A,2026-06-21T13:34:23.695392,1.00270906,0.000318,6.3538,70.8853,7.2732,198.7465,0,U,28089,999,8274,0,-8.4e-07,0,GEO,NON_GEO,0.318
72,UFO 11 (USA 174),2003-057A,2026-06-20T02:55:29.004672,1.00271747,0.00024154,8.9416,33.8126,64.0509,289.9601,0,U,28117,999,8247,0,-1.14e-06,0,GEO,NON_GEO,0.24154
73,USA 176 (DSP 22),2004-004A,2026-06-20T03:22:18.617664,1.00275597,0.00013871,12.0668,26.0523,309.2865,294.2599,0,U,28158,999,3296,0,-3.06e-06,0,GEO,NON_GEO,0.13871
74,ABS-4 (MOBISAT-1),2004-007A,2026-06-20T06:18:38.860128,1.00274282,0.0005075,6.0489,71.9702,16.4739,335.6938,0,U,28184,999,5236,0,3.2e-07,0,GEO,NON_GEO,0.5075000000000001
75,INTELSAT 10-02,2004-022A,2026-06-20T09:24:12.426336,1.00270649,1.01e-05,0.0164,305.9154,152.4907,310.2364,0,U,28358,999,8058,0,-1.6e-07,0,GEO,GEO,0.0101
76,ANIK F2,2004-027A,2026-06-20T08:38:38.700096,1.00271596,0.0004092,3.2965,79.406,10.0614,197.6315,0,U,28378,999,4129,0,-5.5e-07,0,GEO,GEO,0.4092
77,AMC-15,2004-041A,2026-06-20T08:38:38.700096,1.00271527,0.0002305,0.0144,359.6314,75.3144,218.2288,0,U,28446,999,7933,0,-9.3e-07,0,GEO,GEO,0.2304999999999999
78,NSS-10,2005-003A,2026-06-20T06:47:11.621760,1.00272014,0.0002852,6.4581,70.4174,12.1151,250.3009,0,U,28526,999,5318,0,-2.58e-06,0,GEO,NON_GEO,0.2852
79,INMARSAT 4-F1,2005-009A,2026-06-20T08:32:38.552928,1.00271541,0.0002706,5.1732,42.7714,45.6778,126.3856,0,U,28628,999,7770,0,2.6e-07,0,GEO,NON_GEO,0.2706
80,DIRECTV 8,2005-019A,2026-06-20T07:32:38.671008,1.00271999,0.0003095,0.0188,33.3038,61.8276,167.4965,0,U,28659,999,7710,0,-3e-08,0,GEO,GEO,0.3095
81,GALAXY 28 (G-28),2005-022A,2026-06-20T09:16:43.142880,1.00270752,0.0002814,3.3063,78.8948,10.7889,291.01,0,U,28702,999,5200,0,-2.05e-06,0,GEO,GEO,0.2814
82,THAICOM 4,2005-028A,2026-06-20T10:42:39.151008,1.00271473,0.0001774,0.2549,85.8466,349.9796,112.9969,0,U,28786,999,5228,0,-3.67e-06,0,GEO,GEO,0.1774
83,ANIK F1R,2005-036A,2026-06-20T10:24:08.129088,1.00271216,0.0004175,4.322,76.5421,5.3355,235.5023,0,U,28868,999,4648,0,-8e-07,0,GEO,GEO,0.4175
84,SYRACUSE 3A,2005-041B,2026-06-19T23:04:42.049920,1.00269106,0.00029295,4.649,75.8044,5.3723,219.8458,0,U,28885,999,7577,0,1.22e-06,0,GEO,GEO,0.29295
85,INMARSAT 4-F2,2005-044A,2026-06-19T23:49:24.967776,1.00270761,0.00029721,5.0996,43.7044,35.9627,329.3724,0,U,28899,999,7555,0,-2.68e-06,0,GEO,NON_GEO,0.29721
86,METEOSAT-9 (MSG-2),2005-049B,2026-06-19T22:17:31.522848,1.00273646,0.00017746,9.3683,54.1432,346.4633,247.5699,0,U,28912,999,702,0,1.15e-06,0,GEO,NON_GEO,0.17746
87,ECHOSTAR 10,2006-003A,2026-06-20T08:38:38.700096,1.00270944,0.000143,0.0164,1.1897,77.7268,209.1028,0,U,28935,999,7449,0,-6e-07,0,GEO,GEO,0.143
88,SPAINSAT,2006-007A,2026-06-20T08:06:39.324960,1.00272395,0.0004829,0.5725,86.4734,359.2835,274.2855,0,U,28945,999,7424,0,-2.21e-06,0,GEO,GEO,0.4829
89,JCSAT-5A,2006-010A,2026-06-20T11:39:37.141056,1.00271456,0.000201,1.1192,84.1884,350.8139,140.647,0,U,29045,999,7380,0,-3.32e-06,0,GEO,GEO,0.201
90,ASTRA 1KR,2006-012A,2026-06-20T07:47:11.735232,1.00273147,0.0003417,0.4831,83.2137,1.9229,319.1766,0,U,29055,999,4572,0,1.14e-06,0,GEO,GEO,0.3417
91,GALAXY 16 (G-16),2006-023A,2026-06-20T08:56:15.105120,1.002716,0.0002593,0.0399,169.8247,277.9696,215.8483,0,U,29236,999,7300,0,-1.31e-06,0,GEO,GEO,0.2593
92,JCSAT-3A,2006-033A,2026-06-20T10:50:46.410720,1.00270195,0.0002344,0.0093,338.5051,124.5781,96.2587,0,U,29272,999,4777,0,-3.49e-06,0,GEO,GEO,0.2344
93,KOREASAT 5 (MUGUNGWHA 5),2006-034A,2026-06-20T09:56:42.899424,1.002727,0.0001386,1.7946,82.9602,50.6116,37.2889,0,U,29349,999,4135,0,-3.63e-06,0,GEO,GEO,0.1386
94,DIRECTV 9S,2006-043A,2026-06-20T08:30:38.771424,1.00271223,0.0005074,2.43,80.8686,14.6015,199.5571,0,U,29494,999,5141,0,-1.18e-06,0,GEO,GEO,0.5074
95,OPTUS D1,2006-043B,2026-06-20T11:12:52.764768,1.00271392,0.0003494,3.0443,79.6192,1.4851,147.7714,0,U,29495,999,7215,0,-1.89e-06,0,GEO,GEO,0.3494
96,BADR-4,2006-051A,2026-06-20T06:08:57.135840,1.00272848,0.0004839,2.0138,81.0913,359.0702,314.9792,0,U,29526,999,5129,0,1.5e-06,0,GEO,GEO,0.4839
97,WILDBLUE-1,2006-054A,2026-06-20T08:52:45.439104,1.00271685,0.0001466,2.8124,80.4454,0.2217,209.8913,0,U,29643,999,5382,0,-5.4e-07,0,GEO,GEO,0.1466
98,SKYNET 5A,2007-007B,2026-06-19T18:27:41.668128,1.00274097,0.00037869,5.3067,73.7105,18.1377,188.2627,0,U,30794,999,7072,0,-2.79e-06,0,GEO,NON_GEO,0.3786899999999999
99,ANIK F3,2007-009A,2026-06-20T09:55:10.791840,1.00273057,0.0002606,1.2069,83.8169,6.0698,208.8044,0,U,31102,999,4659,0,-6e-08,0,GEO,GEO,0.2606
100,ASTRA 1L,2007-016A,2026-06-20T09:17:28.070880,1.00270966,0.0005349,1.3311,81.5582,13.7881,288.1363,0,U,31306,999,4501,0,-1.89e-06,0,GEO,GEO,0.5349
101,GALAXY 17 (G-17),2007-016B,2026-06-20T09:00:14.723424,1.00271439,0.000478,2.9813,79.8634,19.9713,218.799,0,U,31307,999,6983,0,-2.11e-06,0,GEO,GEO,0.478
102,INTELSAT 11 (IS-11),2007-044B,2026-06-20T01:23:28.654656,0.99049599,0.00025223,3.574,78.6372,87.413,236.338,0,U,32253,999,6847,0,-1.76e-06,0,GEO,GEO,0.25223
103,WGS F1 (USA 195),2007-046A,2026-06-20T09:12:21.062304,1.00271069,2.12e-05,0.0383,86.7161,317.9374,319.5139,0,U,32258,999,5236,0,-2.72e-06,0,GEO,GEO,0.0212
104,SKYNET 5B,2007-056B,2026-06-20T07:49:04.055232,1.00276241,0.0003894,5.2597,73.4683,10.4067,327.0857,0,U,32294,999,6822,0,1.34e-06,0,GEO,NON_GEO,0.3893999999999999
105,ASTRA 4A,2007-057A,2026-06-20T09:25:49.769760,1.00273096,0.0002413,0.0127,340.0552,112.4942,322.3133,0,U,32299,999,5167,0,2.8e-07,0,GEO,GEO,0.2413
106,HORIZONS-2,2007-063B,2026-06-20T08:54:38.574720,1.00272829,0.0003923,2.6113,80.589,0.1145,247.7301,0,U,32388,999,6784,0,-2.59e-06,0,GEO,GEO,0.3923
107,THURAYA-3,2008-001A,2026-06-20T02:54:44.076672,1.00007771,0.00015981,5.9949,35.8105,152.5813,196.8472,0,U,32404,999,6751,0,-3e-07,0,GEO,NON_GEO,0.15981
108,THOR 5,2008-006A,2026-06-20T05:58:58.094400,1.00272539,0.0002444,0.0521,255.4404,198.7766,263.2281,0,U,32487,999,6734,0,-1.4e-07,0,GEO,GEO,0.2443999999999999
109,AMC-14,2008-011A,2026-06-20T02:52:51.756672,1.00355445,0.00454484,24.0077,20.4835,7.3617,350.157,0,U,32708,999,6819,0,-6.8e-07,0,GEO,NON_GEO,4.54484
110,DIRECTV 11,2008-013A,2026-06-19T22:40:18.492672,1.00271356,1.801e-05,0.026,219.1273,197.2081,92.7255,0,U,32729,999,4562,0,-1.31e-06,0,GEO,GEO,0.0180099999999999
111,ICO G1,2008-016A,2026-06-20T08:10:24.498912,1.00272667,0.000225,5.5298,36.124,41.2164,220.9677,0,U,32763,999,6657,0,-1.79e-06,0,GEO,NON_GEO,0.225
112,VINASAT-1,2008-018A,2026-06-20T10:54:59.934240,1.00272118,0.0001468,0.0148,320.4183,132.4887,111.4518,0,U,32767,999,6662,0,-3.32e-06,0,GEO,GEO,0.1467999999999999
113,STAR ONE C2,2008-018B,2026-06-20T09:05:59.170848,1.00272898,0.0002592,1.2501,82.4387,11.9078,245.7346,0,U,32768,999,6668,0,-2.81e-06,0,GEO,GEO,0.2592
114,AMOS-3,2008-022A,2026-06-20T04:28:17.792256,1.00478427,0.00021402,0.4641,86.1836,70.0111,220.3951,0,U,32794,999,8236,0,1.28e-06,0,GEO,GEO,0.21402
115,GALAXY 18 (G-18),2008-024A,2026-06-20T09:28:38.667936,1.00271433,0.0002919,0.0235,71.4002,16.2942,200.068,0,U,32951,999,4588,0,2.1e-07,0,GEO,GEO,0.2919
116,ZHONGXING-9,2008-028A,2026-06-21T09:48:06.712992,1.00272275,0.0003838,0.7809,85.3026,343.5737,80.1354,0,U,33051,999,6608,0,-2.51e-06,0,GEO,GEO,0.3838
117,SKYNET 5C,2008-030A,2026-06-20T09:19:27.880032,1.00271687,0.0004099,3.7981,77.0053,19.6039,294.063,0,U,33055,999,6598,0,-1.45e-06,0,GEO,GEO,0.4099
118,TURKSAT 3A,2008-030B,2026-06-20T06:11:04.434144,1.00272302,0.0005125,0.064,80.9679,352.7047,329.5366,0,U,33056,999,5238,0,1.41e-06,0,GEO,GEO,0.5125000000000001
119,INTELSAT 25 (IS-25),2008-034A,2026-06-20T09:55:05.555136,0.99033445,0.0003595,2.7194,80.3377,60.7301,23.6093,0,U,33153,999,6572,0,-1.33e-06,0,GEO,GEO,0.3595
120,ECHOSTAR 11,2008-035A,2026-06-20T08:38:38.700096,1.00270893,0.0002598,1.0145,84.1489,344.4932,219.789,0,U,33207,999,5124,0,-6.2e-07,0,GEO,GEO,0.2598
121,SUPERBIRD-C2,2008-038A,2026-06-20T10:57:03.475872,1.00271955,0.0006108,2.3705,81.225,26.3892,101.312,0,U,33274,999,10576,0,-3.11e-06,0,GEO,GEO,0.6108
122,INMARSAT 4-F3,2008-039A,2026-06-20T08:30:38.771424,1.00272478,0.0002747,4.2956,31.633,59.7887,206.8106,0,U,33278,999,4657,0,-1.47e-06,0,GEO,GEO,0.2747
123,NIMIQ 4,2008-044A,2026-06-20T09:01:07.137984,1.00266901,0.0002058,0.0407,55.0646,36.3314,230.5036,0,U,33373,999,6501,0,0.0,0,GEO,GEO,0.2057999999999999
124,GALAXY 19 (G-19),2008-045A,2026-06-20T08:56:52.544832,1.00271248,0.0002625,0.0278,264.2718,191.2038,210.3278,0,U,33376,999,6493,0,-1.44e-06,0,GEO,GEO,0.2625
125,ASTRA 1M,2008-057A,2026-06-20T07:47:19.221792,1.00273362,0.0004908,0.3056,82.5193,26.1383,296.0779,0,U,33436,999,4576,0,1.16e-06,0,GEO,GEO,0.4908
126,EXPRESS-AM44,2009-007A,2026-06-21T09:18:37.064736,1.00270921,0.0003919,3.4757,78.3467,3.2357,316.636,0,U,33595,999,5232,0,-9.2e-07,0,GEO,GEO,0.3918999999999999
127,NSS-9,2009-008A,2026-06-20T08:34:00.923232,1.00271482,0.0002072,1.2711,82.6304,348.7007,148.7959,0,U,33749,999,6355,0,6.7e-07,0,GEO,GEO,0.2072
128,TELSTAR 11N,2009-009A,2026-06-20T04:57:19.107360,1.00269868,0.00023294,0.0298,74.3216,17.9253,212.9246,0,U,34111,999,4627,0,-2.56e-06,0,GEO,GEO,0.23294
129,WGS F2 (USA 204),2009-017A,2026-06-20T06:18:38.860128,1.00272406,4.1e-06,0.0187,14.3909,351.5807,54.6689,0,U,34713,999,4564,0,6.3e-07,0,GEO,GEO,0.0040999999999999
130,SES-7 (PROTOSTAR 2),2009-027A,2026-06-20T09:55:20.529984,1.00270419,4.45e-05,0.0464,72.0603,282.4348,171.2077,0,U,34941,999,6266,0,-3.49e-06,0,GEO,GEO,0.0445
131,MEASAT-3A,2009-032A,2026-06-20T11:06:32.450976,1.00271965,0.0002991,0.0229,9.7367,72.487,153.095,0,U,35362,999,806,0,-1.15e-06,0,GEO,GEO,0.2991
132,GOES 14,2009-033A,2026-06-20T08:21:42.534144,1.00110067,0.0001921,1.6993,83.008,13.0479,77.9267,0,U,35491,999,662,0,-3.08e-06,0,GEO,GEO,0.1921
133,FM-5,2009-034A,2026-06-20T09:12:38.572128,1.00272217,8.51e-05,0.0202,292.9387,30.9605,356.6938,0,U,35493,999,4667,0,-2.05e-06,0,GEO,GEO,0.0851
134,TERRESTAR-1,2009-035A,2026-06-20T10:03:37.380960,1.00272882,0.000269,5.1794,48.7956,33.8323,225.8999,0,U,35496,999,6216,0,-6.3e-07,0,GEO,NON_GEO,0.2689999999999999
135,ASIASAT 5,2009-042A,2026-06-21T13:15:41.486400,1.00265222,0.0001538,0.0349,55.7951,37.1346,116.3031,0,U,35696,999,6175,0,0.0,0,GEO,GEO,0.1538
136,JCSAT-12 (JCSAT-RA),2009-044A,2026-06-20T10:54:59.933376,1.00269413,6.77e-05,0.012,356.2714,303.6782,264.5034,0,U,35755,999,6164,0,-3.32e-06,0,GEO,GEO,0.0677
137,OPTUS D3,2009-044B,2026-06-19T22:10:23.534400,1.00270138,0.0002959,0.8768,268.9127,176.0247,311.9383,0,U,35756,999,6159,0,-1.51e-06,0,GEO,GEO,0.2959
138,NIMIQ 5,2009-050A,2026-06-20T09:03:44.386848,1.00269631,0.000278,0.0204,10.6229,73.2484,247.9606,0,U,35873,999,6137,0,0.0,0,GEO,GEO,0.2779999999999999
139,AMAZONAS 2,2009-054A,2026-06-20T09:03:59.364288,1.002725,0.0003227,1.8249,83.0119,7.8469,241.7331,0,U,35942,999,6121,0,-2.64e-06,0,GEO,GEO,0.3227
140,COMSATBW-1,2009-054B,2026-06-20T02:51:51.852096,1.0026925,0.0002841,0.0525,157.9793,289.0909,287.2692,0,U,35943,999,6133,0,2e-07,0,GEO,GEO,0.2841
141,NSS-12,2009-058A,2026-06-20T09:40:48.334080,1.00273043,0.0005078,0.0895,275.1676,143.768,51.875,0,U,36032,999,6095,0,6.7e-07,0,GEO,GEO,0.5078
142,THOR 6,2009-058B,2026-06-20T05:58:58.094400,1.00271829,0.0001684,0.0302,109.2282,338.7514,269.38,0,U,36033,999,6103,0,-1.5e-07,0,GEO,GEO,0.1684
143,INTELSAT 14 (IS-14),2009-064A,2026-06-20T09:11:36.134304,1.00271535,0.0002399,0.0165,337.1078,111.3226,273.07,0,U,36097,999,6063,0,-2.78e-06,0,GEO,GEO,0.2399
144,INTELSAT 15 (IS-15),2009-067A,2026-06-20T09:48:43.665408,1.00272124,0.0002207,0.017,354.0226,95.9991,50.9258,0,U,36106,999,4126,0,-1.9e-06,0,GEO,GEO,0.2207
145,WGS F3 (USA 211),2009-068A,2026-06-20T00:50:38.717376,1.00271023,2.287e-05,0.3243,85.7411,285.9294,139.2418,0,U,36108,999,4662,0,5.9e-07,0,GEO,GEO,0.0228699999999999
146,DIRECTV 12,2009-075A,2026-06-20T02:58:06.010752,1.0027184,3.053e-05,0.0333,172.6604,302.1866,95.289,0,U,36131,999,4658,0,-1.08e-06,0,GEO,GEO,0.03053
147,BEIDOU-2 G1,2010-001A,2026-06-21T13:56:59.076384,1.00268936,0.0002258,4.3048,60.4064,301.2394,257.8138,0,U,36287,999,6021,0,-2.83e-06,0,GEO,GEO,0.2258
148,SDO,2010-005A,2026-06-19T09:15:43.045632,1.00270271,0.00018315,34.6572,86.3078,48.8927,169.2237,0,U,36395,999,6008,0,-8.9e-07,0,GEO,NON_GEO,0.18315
149,INTELSAT 16 (IS-16),2010-006A,2026-06-20T08:54:38.574720,1.00272107,0.0002056,0.0099,356.3368,106.8746,222.8266,0,U,36397,999,5968,0,-2.49e-06,0,GEO,GEO,0.2056
150,EWS-G2 (GOES 15),2010-008A,2026-06-20T02:51:59.340384,1.00266729,0.0004924,1.2866,82.8036,42.0631,250.1257,0,U,36411,999,5966,0,1.5e-07,0,GEO,GEO,0.4924
151,ECHOSTAR 14,2010-010A,2026-06-20T09:55:10.822080,1.00270174,0.0002468,0.0111,53.3776,46.7441,198.3944,0,U,36499,999,4658,0,-4e-08,0,GEO,GEO,0.2468
152,SES-1,2010-016A,2026-06-20T08:30:38.771424,1.00271007,0.0002701,0.0271,302.6251,143.4771,209.1172,0,U,36516,999,5906,0,-1.19e-06,0,GEO,GEO,0.2701
153,ASTRA 3B,2010-021A,2026-06-20T07:48:34.102080,1.00272359,0.0004137,1.4774,83.5169,8.5551,317.0918,0,U,36581,999,5889,0,1.32e-06,0,GEO,GEO,0.4137
154,COMSATBW-2,2010-021B,2026-06-20T06:02:57.710112,1.00274081,0.0002758,0.053,70.6231,34.111,267.68,0,U,36582,999,5898,0,8.4e-07,0,GEO,GEO,0.2758
155,BEIDOU-2 G3,2010-024A,2026-06-21T04:15:38.714688,1.00270872,0.0007877,4.5263,61.5087,352.265,359.2042,0,U,36590,999,5880,0,-1.4e-06,0,GEO,GEO,0.7877
156,BADR-5,2010-025A,2026-06-20T07:50:26.422944,1.00273867,0.0003987,0.0587,116.4439,74.0705,226.1073,0,U,36592,999,5324,0,1.49e-06,0,GEO,GEO,0.3987
157,COMS 1,2010-032A,2026-06-20T02:57:21.691872,0.99163259,0.001165,4.8136,75.3217,12.3209,286.7612,0,U,36744,999,5111,0,8.7e-07,0,GEO,GEO,1.165
158,ARABSAT-5A,2010-032B,2026-06-20T07:50:26.422944,1.00268801,0.0005603,0.0575,42.1057,64.9875,309.573,0,U,36745,999,5867,0,1.49e-06,0,GEO,GEO,0.5603
159,ECHOSTAR 15,2010-034A,2026-06-20T09:55:10.814304,1.00270481,0.0002091,0.01,329.4882,96.2842,232.8375,0,U,36792,999,5835,0,-5e-08,0,GEO,GEO,0.2090999999999999
160,BEIDOU-2 IGSO-1,2010-036A,2026-06-20T22:01:22.240992,1.00270895,0.0059141,54.3041,162.9249,225.3137,318.8441,0,U,36828,999,5813,0,-7e-07,0,GEO,NON_GEO,5.9141
161,NILESAT 201,2010-037A,2026-06-20T09:22:27.592896,1.00270209,0.000466,0.0166,175.4166,301.0564,285.7642,0,U,36830,999,5840,0,-6.2e-07,0,GEO,GEO,0.4659999999999999
162,RASCOM-QAF 1R,2010-037B,2026-06-19T23:09:22.513824,1.00272251,0.00066078,0.0069,34.7365,50.5185,173.1762,0,U,36831,999,5833,0,1.3e-07,0,GEO,GEO,0.66078
163,AEHF-1 (USA 214),2010-039A,2026-06-20T07:50:26.422944,1.00276368,0.0004022,8.228,68.0128,8.8347,339.2923,0,U,36868,999,5368,0,1.4e-06,0,GEO,NON_GEO,0.4022
164,XM-5,2010-053A,2026-06-20T07:32:38.671008,1.00272741,0.0002705,0.0612,272.6077,287.8737,66.01,0,U,37185,999,5751,0,-2.8e-07,0,GEO,GEO,0.2705
165,BSAT-3B,2010-056B,2026-06-20T09:55:50.483136,1.00271984,0.0001685,0.0549,233.2297,298.805,355.384,0,U,37207,999,5213,0,-3.54e-06,0,GEO,GEO,0.1685
166,BEIDOU-2 G4,2010-057A,2026-06-21T12:07:38.862624,1.00270792,0.0005183,3.6588,68.9306,195.6147,347.0523,0,U,37210,999,5733,0,-1.15e-06,0,GEO,GEO,0.5183
167,SKYTERRA 1,2010-061A,2026-06-20T08:30:38.771424,1.00272186,0.0002304,5.1327,50.8589,12.9622,231.0714,0,U,37218,999,5722,0,-1.24e-06,0,GEO,NON_GEO,0.2304
168,HYLAS 1,2010-065A,2026-06-19T20:12:38.611584,1.00271861,9.728e-05,5.6517,72.9856,323.6988,188.3294,0,U,37237,999,691,0,8.2e-07,0,GEO,NON_GEO,0.09728
169,INTELSAT 17 (IS-17),2010-065B,2026-06-20T09:43:21.680256,1.00272377,0.0002686,0.0074,105.9067,3.4204,11.1218,0,U,37238,999,5328,0,-6e-08,0,GEO,GEO,0.2686
170,BEIDOU-2 IGSO-2,2010-068A,2026-06-19T21:55:00.143040,1.00282229,0.00559191,47.5419,271.7972,212.8118,220.2454,0,U,37256,999,5682,0,-2.25e-06,0,GEO,NON_GEO,5.59191
171,HISPASAT 30W-5,2010-070A,2026-06-20T09:15:58.214880,1.00271429,0.0005337,0.0545,106.385,359.4608,271.7471,0,U,37264,999,5321,0,-2.2e-06,0,GEO,GEO,0.5337000000000001
172,KOREASAT 6,2010-070B,2026-06-20T09:04:38.784288,1.00271058,0.0002243,0.0229,68.4332,29.4098,106.7797,0,U,37265,999,5680,0,-1.16e-06,0,GEO,GEO,0.2243
173,BEIDOU-2 IGSO-3,2011-013A,2026-06-18T14:41:11.762880,1.00267082,0.0034295,62.4088,40.1377,184.6608,10.0015,0,U,37384,999,5567,0,-1.9e-06,0,GEO,NON_GEO,3.4295
174,INTELSAT 28 (IS-28),2011-016A,2026-06-20T09:15:28.261728,1.00271258,0.0003722,1.8156,82.5854,7.6584,285.4997,0,U,37392,999,5331,0,-2.3e-06,0,GEO,GEO,0.3722
175,YAHSAT 1A,2011-016B,2026-06-20T09:39:18.478080,1.00269635,0.0003084,0.0156,0.9034,98.7277,6.3148,0,U,37393,999,4244,0,0.0,0,GEO,GEO,0.3084
176,SBIRS GEO-1 (USA 230),2011-019A,2026-06-20T06:13:56.657856,1.00272301,0.0001998,4.5425,53.122,29.5709,331.0681,0,U,37481,999,5542,0,9.3e-07,0,GEO,GEO,0.1998
177,TELSTAR 14R,2011-021A,2026-06-20T02:15:54.622944,1.00271568,0.00022855,0.0256,68.3391,351.2791,179.6656,0,U,37602,999,5586,0,-2.85e-06,0,GEO,GEO,0.22855
178,GSAT-8,2011-022A,2026-06-20T04:32:17.408832,1.00269263,0.00020216,2.14,81.7889,193.7112,116.049,0,U,37605,999,5324,0,8e-07,0,GEO,GEO,0.20216
179,ST-2,2011-022B,2026-06-20T09:49:36.079968,1.00271314,0.0001763,0.0174,69.294,30.1644,44.5725,0,U,37606,999,5531,0,-2.16e-06,0,GEO,GEO,0.1763
180,ZHONGXING-10,2011-026A,2026-06-21T13:11:28.558176,1.00273273,0.0003352,1.0595,84.1609,1.151,107.7856,0,U,37677,999,5504,0,-1.9e-06,0,GEO,GEO,0.3352
181,SES-3,2011-035A,2026-06-20T08:30:38.771424,1.00271591,0.0002382,1.3361,83.0559,358.6065,211.5647,0,U,37748,999,5462,0,-1.07e-06,0,GEO,GEO,0.2382
182,KAZSAT-2,2011-035B,2026-06-20T09:49:13.615968,1.00271191,0.0001352,0.0368,204.5959,309.1308,348.7192,0,U,37749,999,5343,0,-2.02e-06,0,GEO,GEO,0.1352
183,BEIDOU-2 IGSO-4,2011-038A,2026-06-19T23:19:15.452832,1.00284537,0.01595162,54.6006,165.6472,231.4774,314.4028,0,U,37763,999,5467,0,2.2e-07,0,GEO,NON_GEO,15.95162
184,ASTRA 1N,2011-041A,2026-06-20T07:47:19.221792,1.00272264,0.0006413,0.0722,28.034,74.1092,302.4267,0,U,37775,999,4455,0,1.15e-06,0,GEO,GEO,0.6413
185,BSAT-3C (JCSAT-110R),2011-041B,2026-06-20T09:55:50.483136,1.00272966,1.48e-05,0.0158,343.2052,324.4593,219.863,0,U,37776,999,5050,0,-3.55e-06,0,GEO,GEO,0.0148
186,PAKSAT-1R,2011-042A,2026-06-20T06:09:57.041280,1.00268046,0.0003342,0.6981,84.57,340.1409,334.2238,0,U,37779,999,5450,0,1.49e-06,0,GEO,GEO,0.3342
187,SES-2,2011-049A,2026-06-20T09:20:38.499936,1.00271736,0.0002714,0.0701,96.8317,349.6425,235.2805,0,U,37809,999,5399,0,-2e-06,0,GEO,GEO,0.2714
188,ARABSAT-5C,2011-049B,2026-06-20T07:47:34.199232,1.00273101,0.0003461,0.0558,25.3787,82.0626,297.9854,0,U,37810,999,5406,0,1.19e-06,0,GEO,GEO,0.3461
189,QUETZSAT 1,2011-054A,2026-06-20T09:02:29.507424,1.00271979,0.0002657,0.0334,59.3393,30.4863,237.386,0,U,37826,999,4990,0,-2.46e-06,0,GEO,GEO,0.2657
190,INTELSAT 18 (IS-18),2011-056A,2026-06-20T08:33:08.506080,1.00271683,0.0001818,0.0337,273.9541,176.4973,126.3906,0,U,37834,999,5384,0,4.8e-07,0,GEO,GEO,0.1818
191,VIASAT-1,2011-059A,2026-06-19T22:35:41.436384,1.00271358,0.00022126,0.0194,344.2727,100.037,47.6617,0,U,37843,999,4735,0,-2.9e-07,0,GEO,GEO,0.22126
192,ASIASAT 7,2011-069A,2026-06-21T03:59:38.834016,1.00270218,0.0001326,0.0432,87.0342,342.3575,5.396,0,U,37933,999,4489,0,-3.36e-06,0,GEO,GEO,0.1326
193,BEIDOU-2 IGSO-5,2011-073A,2026-06-18T16:01:15.839616,1.00272695,0.01139717,47.6748,271.5267,221.7702,105.6518,0,U,37948,999,5314,0,-1.92e-06,0,GEO,NON_GEO,11.39717
194,LUCH-5A,2011-074B,2026-06-21T12:07:38.862624,1.00271231,0.0002478,8.7658,73.745,27.2246,157.57,0,U,37951,999,5309,0,-5.5e-07,0,GEO,NON_GEO,0.2478
195,NIGCOMSAT 1R,2011-077A,2026-06-20T06:11:19.408992,1.00271454,0.0002526,0.0473,111.0877,241.1463,51.5414,0,U,38014,999,5298,0,1.4e-06,0,GEO,GEO,0.2526
196,WGS F4 (USA 233),2012-003A,2026-06-20T08:07:06.433824,1.00272401,9.5e-06,0.0194,36.9926,309.2912,132.4547,0,U,38070,999,4418,0,-2.2e-06,0,GEO,GEO,0.0095
197,SES-4,2012-007A,2026-06-20T02:27:31.685184,1.00268006,0.00027752,0.0254,31.8182,77.4924,173.8905,0,U,38087,999,5225,0,-1.74e-06,0,GEO,GEO,0.27752
198,BEIDOU-2 G5,2012-008A,2026-06-21T00:57:21.636000,1.00273091,0.0009015,3.5845,69.6825,273.5349,359.0277,0,U,38091,999,5240,0,5.3e-07,0,GEO,GEO,0.9015
199,MUOS-1,2012-009A,2026-06-20T03:58:55.169184,1.00269886,0.00584225,5.4817,47.1497,2.0238,178.911,0,U,38093,999,5247,0,-1.34e-06,0,GEO,NON_GEO,5.84225
200,INTELSAT 22 (IS-22),2012-011A,2026-06-20T09:45:06.511104,1.00272486,0.000152,0.0176,47.957,46.6214,32.4229,0,U,38098,999,722,0,-6.3e-07,0,GEO,GEO,0.152
201,APSTAR-7,2012-013A,2026-06-21T09:43:29.655840,1.00271651,0.0002686,0.0357,87.0287,10.8421,34.099,0,U,38107,999,5185,0,-1.03e-06,0,GEO,GEO,0.2686
202,YAHSAT 1B,2012-016A,2026-06-20T01:04:45.448608,1.0027522,0.00028238,0.0895,89.727,17.2229,225.0965,0,U,38245,999,4563,0,1.21e-06,0,GEO,GEO,0.2823799999999999
203,AEHF-2 (USA 235),2012-019A,2026-06-20T09:19:50.344032,1.00271549,0.0002221,6.6576,57.4654,27.3152,307.2115,0,U,38254,999,701,0,-1.42e-06,0,GEO,NON_GEO,0.2221
204,JCSAT-13,2012-023A,2026-06-20T11:35:28.853376,1.00272452,0.0002373,0.0265,67.033,19.9743,119.5641,0,U,38331,999,5157,0,-3.6e-06,0,GEO,GEO,0.2372999999999999
205,VINASAT-2,2012-023B,2026-06-19T22:03:31.692384,1.00271085,0.00021978,0.0136,359.2227,92.1545,279.4824,0,U,38332,999,4668,0,-3.34e-06,0,GEO,GEO,0.21978
206,NIMIQ 6,2012-026A,2026-06-20T08:58:29.889120,1.00272093,0.0002676,0.0119,354.9173,90.0185,227.1625,0,U,38342,999,5044,0,-1.78e-06,0,GEO,GEO,0.2676
207,ZHONGXING-2A,2012-028A,2026-06-20T03:01:51.068928,1.00271875,0.00039514,1.4631,83.8506,43.8835,284.3059,0,U,38352,999,5132,0,-2.98e-06,0,GEO,GEO,0.39514
208,INTELSAT 19 (IS-19),2012-030A,2026-06-20T09:04:38.784288,1.00271802,0.0003032,0.0149,26.2915,71.0261,113.4249,0,U,38356,999,5048,0,-6.1e-07,0,GEO,GEO,0.3032
209,ECHOSTAR 17,2012-035A,2026-06-20T00:20:36.975840,1.00270699,0.00022041,0.0186,17.0829,68.9983,80.195,0,U,38551,999,5109,0,-8e-07,0,GEO,GEO,0.22041
210,METEOSAT-10 (MSG-3),2012-035B,2026-06-20T00:51:16.742016,1.00266543,0.00014843,4.6793,61.0121,2.4454,217.8971,0,U,38552,999,5088,0,-1.3e-07,0,GEO,GEO,0.1484299999999999
211,SES-5,2012-036A,2026-06-20T02:35:15.942624,1.00272034,0.00018505,0.0456,317.008,132.7689,222.3295,0,U,38652,999,4448,0,2.9e-07,0,GEO,GEO,0.18505
212,INTELSAT 20 (IS-20),2012-043A,2026-06-20T09:43:44.144256,1.0027036,0.0001322,0.0049,38.4447,143.5655,301.0434,0,U,38740,999,5078,0,-2.9e-07,0,GEO,GEO,0.1321999999999999
213,HYLAS 2,2012-043B,2026-06-20T09:03:44.386848,1.00272037,0.0002469,2.4365,81.0337,28.4508,222.4626,0,U,38741,999,5080,0,-2.62e-06,0,GEO,GEO,0.2468999999999999
214,INTELSAT 21 (IS-21),2012-045A,2026-06-20T09:07:58.980000,1.00272238,0.000146,0.0191,17.6891,83.4046,246.4937,0,U,38749,999,5055,0,-2.89e-06,0,GEO,GEO,0.146
215,ASTRA 2F,2012-051A,2026-06-20T07:49:48.984096,1.00271758,0.0001656,0.0546,254.3347,280.1839,239.6386,0,U,38778,999,4116,0,1.45e-06,0,GEO,GEO,0.1656
216,GSAT-10,2012-051B,2026-06-20T09:48:13.713120,1.00272193,0.0007842,0.0717,261.2491,187.3061,50.1329,0,U,38779,999,5013,0,-1.69e-06,0,GEO,GEO,0.7842
217,INTELSAT 23 (IS-23),2012-057A,2026-06-19T05:29:59.907840,1.00267375,1.343e-05,0.0099,325.5761,86.5042,244.8525,0,U,38867,999,4997,0,-2.91e-06,0,GEO,GEO,0.01343
218,BEIDOU-2 G6,2012-059A,2026-06-19T17:02:03.598368,1.002715,0.00096327,4.4288,73.4979,324.3686,209.6174,0,U,38953,999,4993,0,-1.83e-06,0,GEO,GEO,0.96327
219,LUCH-5B,2012-061A,2026-06-18T21:24:08.583264,1.00272094,0.0002465,10.4892,49.8655,150.1855,11.8366,0,U,38977,999,4962,0,-1.48e-06,0,GEO,NON_GEO,0.2464999999999999
220,YAMAL 300K,2012-061B,2026-06-21T12:29:38.700384,1.00269991,0.0001182,0.0131,275.5126,348.749,15.8095,0,U,38978,999,4967,0,7e-07,0,GEO,GEO,0.1182
221,STAR ONE C3,2012-062A,2026-06-20T08:54:38.574720,1.00267776,0.0002534,0.0196,8.718,93.9811,224.556,0,U,38991,999,4979,0,0.0,0,GEO,GEO,0.2533999999999999
222,ECHOSTAR 16,2012-065A,2026-06-20T09:06:59.077152,1.00270642,0.0002049,0.0191,10.2647,82.9109,250.6586,0,U,39008,999,4967,0,-2.86e-06,0,GEO,GEO,0.2049
223,ZHONGXING-12,2012-067A,2026-06-21T13:11:36.045600,1.00270973,0.0002832,0.048,93.3167,347.4279,114.3902,0,U,39017,999,4955,0,-2.08e-06,0,GEO,GEO,0.2832
224,YAMAL 402,2012-070A,2026-06-21T13:02:29.078304,1.00271782,0.0003866,1.2772,84.1139,4.4259,71.7085,0,U,39022,999,4944,0,8.4e-07,0,GEO,GEO,0.3866
225,SKYNET 5D,2012-075A,2026-06-20T09:39:33.452928,1.00271933,0.0003655,0.0657,357.9255,98.8857,9.4548,0,U,39034,999,4919,0,9.5e-07,0,GEO,GEO,0.3655
226,MEXSAT 3,2012-075B,2026-06-20T08:51:45.536256,1.00269027,0.0001514,0.0181,41.855,32.8939,211.9577,0,U,39035,999,708,0,-3e-07,0,GEO,GEO,0.1514
227,TDRS 11,2013-004A,2026-06-20T08:34:45.851232,1.00270611,0.0005326,3.5252,31.3084,21.7113,169.8062,0,U,39070,999,4672,0,7.3e-07,0,GEO,GEO,0.5326000000000001
228,AMAZONAS 3,2013-006A,2026-06-20T09:07:06.563712,1.00271547,0.0002138,0.0108,248.882,243.2053,212.2865,0,U,39078,999,4494,0,-2.87e-06,0,GEO,GEO,0.2138
229,AZERSPACE 1,2013-006B,2026-06-20T04:29:40.159968,1.00271706,0.00014429,0.022,61.38,56.9674,263.4413,0,U,39079,999,4883,0,1.28e-06,0,GEO,GEO,0.14429
230,SBIRS GEO-2 (USA 241),2013-011A,2026-06-20T04:02:12.791904,1.00271628,0.00021407,4.4956,52.5092,29.8679,196.7596,0,U,39120,999,4856,0,-2.93e-06,0,GEO,GEO,0.2140699999999999
231,ANIK G1,2013-014A,2026-06-20T08:38:38.700096,1.00271735,0.0001634,0.0389,271.9613,172.0946,206.8551,0,U,39127,999,4828,0,-7.8e-07,0,GEO,GEO,0.1634
232,ZHONGXING-11,2013-020A,2026-06-21T13:14:56.556672,1.00273194,0.0002342,0.0291,298.5694,127.6537,140.1548,0,U,39157,999,4794,0,-2.92e-06,0,GEO,GEO,0.2342
233,WGS F5 (USA 243),2013-024A,2026-06-20T09:09:28.836864,1.00268976,1.91e-05,0.019,1.7175,3.4151,348.3247,0,U,39168,999,4720,0,0.0,0,GEO,GEO,0.0191
234,SES-6,2013-026A,2026-06-20T09:12:58.502016,1.0027229,0.0002555,0.0186,337.8981,114.3836,274.0592,0,U,39172,999,4775,0,-2.66e-06,0,GEO,GEO,0.2554999999999999
235,IRNSS-1A,2013-034A,2026-06-18T21:29:26.733984,1.00275723,0.00175894,35.7241,63.8469,183.2529,37.3106,0,U,39199,999,4738,0,5.1e-07,0,GEO,NON_GEO,1.7589400000000002
236,MUOS-2,2013-036A,2026-06-20T08:30:53.722080,1.00273721,0.005124,5.0011,45.5331,177.3818,345.3547,0,U,39206,999,4722,0,-1.9e-07,0,GEO,NON_GEO,5.124
237,ALPHASAT,2013-038A,2026-06-20T07:48:56.566080,1.00272303,0.0001799,2.999,1.4107,89.2089,320.0084,0,U,39215,999,4405,0,1.28e-06,0,GEO,GEO,0.1799
238,INSAT-3D,2013-038B,2026-06-20T06:36:03.708288,1.00267986,6.38e-05,1.9351,82.5055,326.5441,87.9271,0,U,39216,999,4711,0,-3.45e-06,0,GEO,GEO,0.0638
239,WGS F6 (USA 244),2013-041A,2026-06-20T00:58:38.646048,1.00271592,1.593e-05,0.0193,12.6218,358.5435,136.5486,0,U,39222,999,4609,0,8.4e-07,0,GEO,GEO,0.01593
240,ES'HAIL 1,2013-044A,2026-06-20T04:23:48.221664,1.00270066,0.00019482,0.0469,356.4073,84.9069,278.502,0,U,39233,999,4665,0,1.38e-06,0,GEO,GEO,0.19482
241,GSAT-7,2013-044B,2026-06-20T09:45:36.464256,1.00270906,0.0002973,0.092,92.8909,191.2522,204.8299,0,U,39234,999,4529,0,-8.1e-07,0,GEO,GEO,0.2973
242,AMOS-4,2013-045A,2026-06-20T02:52:21.804384,1.00272245,0.00025712,0.0115,299.3424,122.6433,314.4515,0,U,39237,999,4698,0,2e-08,0,GEO,GEO,0.25712
243,AEHF-3 (USA 246),2013-050A,2026-06-20T09:28:26.669568,1.00273393,0.0087858,5.301,67.1548,188.0159,31.2798,0,U,39256,999,4568,0,2.3e-07,0,GEO,NON_GEO,8.7858
244,ASTRA 2E,2013-056A,2026-06-20T07:49:56.472384,1.00274051,0.000279,0.0717,317.8743,144.5096,312.1587,0,U,39285,999,4644,0,1.46e-06,0,GEO,GEO,0.279
245,FM-6,2013-058A,2026-06-20T08:46:26.645952,1.00271043,0.00014,0.0369,53.5945,119.558,110.7383,0,U,39360,999,4610,0,0.0,0,GEO,GEO,0.1399999999999999
246,RADUGA-1M 3,2013-062A,2026-06-18T19:09:38.685888,1.00273348,0.00018039,5.9627,72.3351,267.8367,249.2637,0,U,39375,999,4612,0,1.44e-06,0,GEO,NON_GEO,0.18039
247,SES-8,2013-071A,2026-06-20T08:08:58.753824,1.00271927,0.0002743,0.0166,297.5628,151.4996,36.7317,0,U,39460,999,4446,0,-2.74e-06,0,GEO,GEO,0.2743
248,INMARSAT 5-F1,2013-073A,2026-06-20T00:29:49.235136,1.00271043,5.858e-05,0.0172,24.3286,304.0026,9.9817,0,U,39476,999,4560,0,2.3e-07,0,GEO,GEO,0.05858
249,TKSAT-1 (TUPAC KATARI),2013-075A,2026-06-20T08:59:37.281120,1.00273277,0.0002607,0.0366,192.378,248.3219,235.5765,0,U,39481,999,4563,0,-1.99e-06,0,GEO,GEO,0.2607
250,EXPRESS-AM5,2013-077A,2026-06-21T13:56:59.060832,1.00271926,2.78e-05,0.0148,293.4123,48.4894,277.1456,0,U,39487,999,4640,0,-2.81e-06,0,GEO,GEO,0.0278
251,GSAT-14,2014-001A,2026-06-20T09:45:36.464256,1.00271396,7.94e-05,0.0443,96.3297,170.7037,221.965,0,U,39498,999,4541,0,-8.1e-07,0,GEO,GEO,0.0794
252,THAICOM 6,2014-002A,2026-06-20T09:46:51.345408,1.00272328,0.0004448,0.0737,106.679,4.5118,22.6433,0,U,39500,999,4549,0,-1.26e-06,0,GEO,GEO,0.4448
253,TDRS 12,2014-004A,2026-06-20T09:12:43.527168,1.00265941,0.0003091,3.9809,19.1631,194.6527,151.8973,0,U,39504,999,4430,0,-2.77e-06,0,GEO,GEO,0.3091
254,ABS-2,2014-006A,2026-06-20T09:45:51.439104,1.0027113,0.0003823,0.0181,333.2577,99.9811,56.7515,0,U,39508,999,4531,0,-9e-07,0,GEO,GEO,0.3823
255,ATHENA-FIDUS,2014-006B,2026-06-20T06:09:57.041280,1.00270703,0.0001319,0.037,95.065,351.4707,312.22,0,U,39509,999,4511,0,1.49e-06,0,GEO,GEO,0.1319
256,TURKSAT 4A,2014-007A,2026-06-20T04:28:32.767104,1.00267919,0.0001004,0.0668,288.2837,16.0389,73.2267,0,U,39522,999,4499,0,1.41e-06,0,GEO,GEO,0.1004
257,AMAZONAS 4A,2014-011A,2026-06-20T09:03:21.922848,1.00272928,0.0003921,0.0587,178.4109,293.4493,218.5631,0,U,39616,999,4474,0,-2.57e-06,0,GEO,GEO,0.3921
258,ASTRA 5B,2014-011B,2026-06-20T07:48:34.102080,1.00268988,0.0002057,0.0635,312.591,113.5023,343.0777,0,U,39617,999,4469,0,1.32e-06,0,GEO,GEO,0.2057
259,IRNSS-1B,2014-017A,2026-06-19T18:16:25.595040,1.00277178,0.00231505,28.9179,240.3593,189.6008,167.3236,0,U,39635,999,4481,0,1.09e-06,0,GEO,NON_GEO,2.31505
260,LUCH-5V,2014-023A,2026-06-21T04:07:38.534592,1.00273075,0.0001946,5.1436,69.7087,48.4046,307.9045,0,U,39727,999,4439,0,-2.73e-06,0,GEO,NON_GEO,0.1946
261,KAZSAT-3,2014-023B,2026-06-19T23:44:46.166208,1.00274079,3.353e-05,0.0153,31.8994,33.0502,257.9533,0,U,39728,999,4248,0,5.5e-07,0,GEO,GEO,0.03353
262,ASIASAT 8 (AMOS-7),2014-046A,2026-06-20T09:54:35.601120,1.00272598,0.0001402,0.0253,67.9261,19.3197,75.3344,0,U,40107,999,10218,0,-3.37e-06,0,GEO,GEO,0.1402
263,ASIASAT 6,2014-052A,2026-06-21T13:21:10.958976,1.00271631,8.73e-05,0.0406,85.5918,13.7399,130.6248,0,U,40141,999,4312,0,-3.63e-06,0,GEO,GEO,0.0872999999999999
264,OPTUS 10,2014-054A,2026-06-19T23:44:38.739264,1.00271094,0.00019894,0.0657,58.3139,23.8366,338.2294,0,U,40146,999,4305,0,-1.52e-06,0,GEO,GEO,0.1989399999999999
265,MEASAT-3B,2014-054B,2026-06-20T08:07:51.361824,1.00277376,0.0002872,0.0309,28.9853,40.5543,52.4961,0,U,40147,999,4294,0,-2.47e-06,0,GEO,GEO,0.2872
266,HIMAWARI-8,2014-060A,2026-06-20T11:03:40.391424,1.00270806,0.0001168,0.0187,51.4118,42.2924,121.5465,0,U,40267,999,4279,0,-2.8e-06,0,GEO,GEO,0.1168
267,IRNSS-1C,2014-061A,2026-06-19T18:59:25.063584,1.00268918,0.00226825,6.524,88.8821,2.7462,184.1889,0,U,40269,999,4271,0,-1.68e-06,0,GEO,NON_GEO,2.26825
268,INTELSAT 30 (IS-30),2014-062A,2026-06-20T03:49:21.257184,1.0025682,0.00010173,0.0266,53.4926,9.4262,167.7293,0,U,40271,999,682,0,-1.54e-06,0,GEO,GEO,0.10173
269,ARSAT 1,2014-062B,2026-06-20T09:03:59.364288,1.00272447,0.0001844,0.012,4.0555,74.6952,254.0256,0,U,40272,999,4265,0,-2.64e-06,0,GEO,GEO,0.1844
270,EUTELSAT 53A,2014-064A,2026-06-21T14:44:51.394272,1.00271602,0.0001049,0.0138,311.9469,229.1735,2.8968,0,U,40277,999,4161,0,9.7e-07,0,GEO,GEO,0.1049
271,GSAT-16,2014-078A,2026-06-20T04:32:09.921408,1.00269918,0.00077568,0.046,88.2765,358.9794,304.2464,0,U,40332,999,4213,0,8e-07,0,GEO,GEO,0.7756799999999999
272,DIRECTV 14,2014-078B,2026-06-20T08:30:38.771424,1.00270509,2.49e-05,0.011,22.7054,291.5498,342.7307,0,U,40333,999,4207,0,-1.3e-06,0,GEO,GEO,0.0249
273,YAMAL 401,2014-082A,2026-06-21T16:52:38.915616,1.00263246,0.0001168,0.01,7.1327,130.4118,115.4749,0,U,40345,999,4196,0,0.0,0,GEO,GEO,0.1168
274,ASTRA 2G,2014-089A,2026-06-20T07:49:48.984096,1.00269481,0.000472,0.0464,6.7607,60.8751,346.5362,0,U,40364,999,4199,0,1.45e-06,0,GEO,GEO,0.472
275,FENGYUN 2G,2014-090A,2026-06-21T03:59:38.834016,1.00270539,0.0003712,5.6502,72.7719,157.9383,198.2472,0,U,40367,999,4203,0,-3.06e-06,0,GEO,NON_GEO,0.3712
276,MUOS-3,2015-002A,2026-06-20T09:20:05.319744,1.00271307,0.0052168,4.5265,43.5344,177.9342,171.7187,0,U,40374,999,4161,0,-1.34e-06,0,GEO,GEO,5.2168
277,INMARSAT 5-F2,2015-005A,2026-06-19T19:14:38.479200,1.00269517,5.951e-05,0.0179,15.3201,285.6188,200.737,0,U,40384,999,4102,0,-2.91e-06,0,GEO,GEO,0.05951
278,ABS-3A,2015-010A,2026-06-20T02:33:01.158624,1.00270734,0.0001823,0.0397,55.4305,349.9355,258.1914,0,U,40424,999,4140,0,0.0,0,GEO,GEO,0.1823
279,EXPRESS-AM7,2015-012A,2026-06-20T06:10:34.480992,1.00272388,0.0003019,0.0181,60.5638,34.4951,306.0287,0,U,40505,999,4103,0,1.46e-06,0,GEO,GEO,0.3019
280,BEIDOU-3S IGSO-1S,2015-019A,2026-06-19T23:53:37.596192,1.00249609,0.00388634,49.1899,295.427,191.075,231.2891,0,U,40549,999,4110,0,-1.76e-06,0,GEO,NON_GEO,3.88634
281,THOR 7,2015-022A,2026-06-20T05:58:58.094400,1.00269946,0.0002381,0.0114,300.6565,143.1475,273.7553,0,U,40613,999,4084,0,-1.3e-07,0,GEO,GEO,0.2380999999999999
282,TURKMENALEM52E/MONACOSAT,2015-023A,2026-06-20T09:39:10.988928,1.00272541,0.0002806,0.045,81.1169,2.0749,22.2211,0,U,40617,999,4088,0,9.9e-07,0,GEO,GEO,0.2806
283,DIRECTV 15,2015-026A,2026-06-20T00:21:51.856128,1.00273256,2.188e-05,0.0158,57.5517,316.6058,156.6548,0,U,40663,999,4049,0,-1.08e-06,0,GEO,GEO,0.02188
284,SKY MEXICO-1,2015-026B,2026-06-20T09:01:59.555136,1.00272203,0.000216,0.0192,61.3246,44.3132,219.6461,0,U,40664,999,4048,0,-2.39e-06,0,GEO,GEO,0.216
285,METEOSAT-11 (MSG-4),2015-034A,2026-06-20T07:44:19.508928,1.00264042,0.00024,3.2087,71.0883,346.3671,336.7454,0,U,40732,999,724,0,5.7e-07,0,GEO,GEO,0.24
286,STAR ONE C4,2015-034B,2026-06-20T09:04:29.314848,1.00272341,0.000206,0.0219,6.866,49.2655,278.5883,0,U,40733,999,4004,0,-2.7e-06,0,GEO,GEO,0.206
287,WGS F7 (USA 263),2015-036A,2026-06-19T20:33:03.894912,1.00269373,2.151e-05,0.038,50.6595,162.0382,178.6151,0,U,40746,999,3989,0,0.0,0,GEO,GEO,0.0215099999999999
288,INTELSAT 34 (IS-34),2015-039A,2026-06-19T22:52:46.492032,1.00300971,0.0001908,0.0091,6.4511,313.7582,235.6766,0,U,40874,999,3966,0,-2.91e-06,0,GEO,GEO,0.1908
289,GSAT-6,2015-041A,2026-06-20T09:47:58.737408,1.00271648,0.0003242,1.9271,82.5561,0.5755,55.0247,0,U,40880,999,3963,0,-1.65e-06,0,GEO,GEO,0.3242
290,INMARSAT 5-F3,2015-042A,2026-06-20T03:25:03.842112,1.00269689,1.86e-05,0.0179,19.7886,35.7715,83.6787,0,U,40882,999,3960,0,4.5e-07,0,GEO,GEO,0.0186
291,MUOS-4,2015-044A,2026-06-20T04:37:54.371424,1.00271545,0.00578727,4.3362,42.2726,2.3796,8.2093,0,U,40887,999,3959,0,-9.9e-07,0,GEO,GEO,5.78727
292,TJS-1,2015-046A,2026-06-21T11:51:38.726208,1.00270865,0.00057,0.3355,84.9191,1.7947,155.933,0,U,40892,999,3961,0,-1.57e-06,0,GEO,GEO,0.57
293,EXPRESS-AM8,2015-048A,2026-06-21T16:08:19.097664,1.0027235,5.12e-05,0.0173,320.0076,5.3374,172.5956,0,U,40895,999,3939,0,-1.12e-06,0,GEO,GEO,0.0511999999999999
294,BEIDOU-3S IGSO-2S,2015-053A,2026-06-19T17:02:10.485312,1.00258902,0.00655838,49.2167,258.7515,192.2245,167.5336,0,U,40938,999,3937,0,-1.43e-06,0,GEO,NON_GEO,6.55838
295,SKY MUSTER 1 (NBN1A),2015-054A,2026-06-20T04:56:14.845632,1.00270506,0.00017294,0.0222,347.949,93.5687,41.2026,0,U,40940,999,3929,0,0.0,0,GEO,GEO,0.17294
296,ARSAT 2,2015-054B,2026-06-20T02:10:47.614368,1.00270377,0.00020708,0.0116,20.342,52.8593,146.7891,0,U,40941,999,3933,0,-2.3e-06,0,GEO,GEO,0.20708
297,MORELOS 3,2015-056A,2026-06-20T08:38:38.700096,1.00270955,0.0001027,3.1894,15.1488,3.9237,266.0631,0,U,40946,999,3931,0,-4.9e-07,0,GEO,GEO,0.1027
298,APSTAR-9,2015-059A,2026-06-21T12:15:38.803392,1.00270672,0.0002393,0.0449,61.2354,121.0691,53.3195,0,U,40982,999,3916,0,-2.67e-06,0,GEO,GEO,0.2392999999999999
299,TURKSAT 4B,2015-060A,2026-06-20T09:38:33.550080,1.00269072,0.0002276,0.0146,349.565,93.7876,19.8648,0,U,40984,999,3913,0,1.11e-06,0,GEO,GEO,0.2276
300,ZHONGXING-2C,2015-063A,2026-06-21T13:16:33.901824,1.00268996,0.000778,0.2863,89.5482,98.5522,24.2173,0,U,41021,999,3902,0,-3.24e-06,0,GEO,GEO,0.778
301,GSAT-15,2015-065A,2026-06-20T01:17:51.692928,1.00272702,0.00043807,0.0623,264.3518,166.6119,310.2862,0,U,41028,999,3882,0,-2.63e-06,0,GEO,GEO,0.4380699999999999
302,BADR-7 (ARABSAT-6B),2015-065B,2026-06-20T07:49:11.541792,1.0026929,0.0003724,0.0436,227.4641,333.5251,210.8305,0,U,41029,999,3879,0,1.4e-06,0,GEO,GEO,0.3724
303,LAOSAT 1,2015-067A,2026-06-20T10:01:11.915328,1.00268173,0.0002176,0.0438,143.4427,258.2064,145.7521,0,U,41034,999,3889,0,-3.48e-06,0,GEO,GEO,0.2176
304,TELSTAR 12V,2015-068A,2026-06-20T09:20:12.808032,1.002712,0.0002275,0.0122,50.6261,32.0364,310.9897,0,U,41036,999,3865,0,-1.24e-06,0,GEO,GEO,0.2275
305,ELEKTRO-L 2,2015-074A,2026-06-18T00:52:34.633344,1.00270556,9.025e-05,6.6975,70.5132,256.1704,298.2263,0,U,41105,999,3851,0,-1.26e-06,0,GEO,NON_GEO,0.09025
306,COSMOS 2513,2015-075A,2026-06-21T17:00:38.623104,1.00266022,0.0003016,0.0745,100.2517,340.6809,164.3715,0,U,41121,999,3859,0,-1.37e-06,0,GEO,GEO,0.3016
307,EXPRESS-AMU1,2015-082A,2026-06-20T06:09:27.088128,1.00267382,0.0002809,0.0193,0.5376,89.8685,306.5438,0,U,41191,999,3829,0,0.0,0,GEO,GEO,0.2809
308,GAOFEN-4,2015-083A,2026-06-21T13:17:11.342400,1.00272762,0.0004198,0.3702,83.8176,118.5029,12.4212,0,U,41194,999,3857,0,-3.36e-06,0,GEO,GEO,0.4198
309,BELINTERSAT-1,2016-001A,2026-06-20T06:13:49.171296,1.00273986,0.0002262,0.025,255.7113,151.5546,6.1424,0,U,41238,999,3826,0,1.02e-06,0,GEO,GEO,0.2261999999999999
310,IRNSS-1E,2016-003A,2026-06-18T17:31:47.913024,1.00277463,0.00189408,33.2372,59.728,178.9729,42.9724,0,U,41241,999,3809,0,-3.18e-06,0,GEO,NON_GEO,1.89408
311,SES-9,2016-013A,2026-06-20T08:12:43.396416,1.00269311,0.0002324,0.0111,338.5957,101.7052,59.7247,0,U,41380,999,3747,0,-3.49e-06,0,GEO,GEO,0.2324
312,IRNSS-1F,2016-015A,2026-06-19T23:17:43.005696,1.00268822,0.001743,5.3558,96.7185,184.9553,8.3745,0,U,41384,999,3769,0,1.51e-06,0,GEO,NON_GEO,1.743
313,BEIDOU-2 IGSO-6,2016-021A,2026-06-21T02:16:51.754080,1.00259258,0.0057439,60.2315,37.9988,231.3221,126.8353,0,U,41434,999,3751,0,-1.59e-06,0,GEO,NON_GEO,5.7439
314,IRNSS-1G,2016-027A,2026-06-20T11:37:01.805088,1.00258765,0.0007659,5.2051,97.4014,358.4285,116.4925,0,U,41469,999,3721,0,-3.41e-06,0,GEO,NON_GEO,0.7659
315,JCSAT-2B,2016-028A,2026-06-20T08:25:42.416832,1.00272039,8.66e-05,0.0181,9.288,81.4913,98.208,0,U,41471,999,3716,0,-1.7e-06,0,GEO,GEO,0.0866
316,THAICOM 8,2016-031A,2026-06-20T09:46:51.345408,1.00271962,0.0003702,0.0601,38.3392,21.4191,74.052,0,U,41552,999,3675,0,-1.25e-06,0,GEO,GEO,0.3702
317,INTELSAT 31 (IS-31),2016-035A,2026-06-19T22:41:25.884672,1.00271353,9.291e-05,0.0181,266.4038,350.757,256.306,0,U,41581,999,3671,0,-1.56e-06,0,GEO,GEO,0.09291
318,BEIDOU-2 G7,2016-037A,2026-06-21T13:18:26.221824,1.00274439,0.0006521,1.732,69.3648,358.244,152.264,0,U,41586,999,693,0,-3.55e-06,0,GEO,GEO,0.6521
319,ABS-2A (MONGOLSAT-1),2016-038A,2026-06-20T09:45:51.439104,1.00272219,0.0001977,0.0178,20.6845,0.5247,108.6147,0,U,41588,999,3674,0,-8.9e-07,0,GEO,GEO,0.1977
320,BRISAT,2016-039A,2026-06-19T23:51:24.776064,1.00270455,0.00019924,0.0185,322.1151,117.0863,337.3513,0,U,41591,999,3663,0,-2.02e-06,0,GEO,GEO,0.19924
321,ECHOSTAR 18,2016-039B,2026-06-20T05:41:37.256064,1.00269586,0.0001436,0.0186,13.5557,84.6845,194.2268,0,U,41592,999,3665,0,-2.87e-06,0,GEO,GEO,0.1436
322,MUOS-5,2016-041A,2026-06-20T09:28:03.694080,1.00273126,0.0197589,2.1958,301.7419,260.7559,102.9111,0,U,41622,999,3712,0,-1.49e-06,0,GEO,GEO,19.7589
323,TIANTONG-1 1,2016-048A,2026-06-21T13:15:56.462112,1.00273084,0.0005692,3.8584,43.465,45.4292,121.2573,0,U,41725,999,3631,0,-3.2e-06,0,GEO,GEO,0.5691999999999999
324,JCSAT-16,2016-050A,2026-06-20T06:40:10.813152,1.00271605,0.0001003,0.0178,6.6421,90.2667,55.5715,0,U,41729,999,3610,0,-2.56e-06,0,GEO,GEO,0.1003
325,USA 270,2016-052A,2026-06-19T15:23:07.463040,0.99500819,4.55e-05,4.2028,77.1719,171.4902,57.9144,0,U,41744,999,2815,0,-1.95e-06,0,GEO,GEO,0.0455
326,USA 271,2016-052B,2026-06-19T18:32:33.700128,0.99836227,0.0002168,4.1758,77.2193,292.3947,288.6623,0,U,41745,999,2794,0,-3.12e-06,0,GEO,GEO,0.2168
327,INTELSAT 36 (IS-36),2016-053A,2026-06-20T00:29:40.864704,1.00268779,0.00023003,0.0114,8.695,324.1758,11.2854,0,U,41747,999,3598,0,-2.9e-07,0,GEO,GEO,0.2300299999999999
328,INSAT-3DR,2016-054A,2026-06-20T09:45:36.464256,1.002713,0.0010425,0.1148,86.2468,187.4441,215.292,0,U,41752,999,3585,0,-8.1e-07,0,GEO,GEO,1.0425
329,GSAT-18,2016-060A,2026-06-20T09:45:36.464256,1.00271371,0.0005591,0.0673,95.4136,339.0481,54.5283,0,U,41793,999,3556,0,-8.1e-07,0,GEO,GEO,0.5590999999999999
330,SKY MUSTER 2 (NBN1B),2016-060B,2026-06-19T22:07:16.333248,1.00270174,0.00014664,0.0186,333.5141,103.0969,308.1429,0,U,41794,999,3554,0,-2.5e-06,0,GEO,GEO,0.14664
331,HIMAWARI-9,2016-064A,2026-06-20T11:03:40.387968,1.00270283,9.32e-05,0.014,351.6731,111.3358,112.3453,0,U,41836,999,3524,0,0.0,0,GEO,GEO,0.0932
332,SHIJIAN-17 (SJ-17),2016-065A,2026-06-20T10:58:25.611168,0.99855834,0.0001949,5.7621,72.5678,27.4113,204.1763,0,U,41838,999,3523,0,8.7e-07,0,GEO,NON_GEO,0.1949
333,GOES 16,2016-071A,2026-06-20T08:30:38.771424,1.00271436,3.06e-05,0.3504,85.5238,339.574,226.4328,0,U,41866,999,3513,0,-9.5e-07,0,GEO,GEO,0.0306
334,TIANLIAN 1-04,2016-072A,2026-06-21T11:59:38.684256,1.00272046,0.0042607,0.879,82.8945,90.1587,93.3187,0,U,41869,999,3534,0,2.9e-07,0,GEO,GEO,4.2607
335,WGS F8 (USA 272),2016-075A,2026-06-20T03:54:38.678688,1.00268225,3.072e-05,0.0419,50.3229,331.453,95.0904,0,U,41879,999,3485,0,0.0,0,GEO,GEO,0.0307199999999999
336,FENGYUN 4A,2016-077A,2026-06-21T13:22:18.350976,1.0026645,0.0008569,2.335,80.2401,153.4835,0.2982,0,U,41882,999,3497,0,-3.59e-06,0,GEO,GEO,0.8569
337,ECHOSTAR 19,2016-079A,2026-06-19T22:40:48.444960,1.00277305,9.255e-05,0.0182,19.3424,75.8942,56.029,0,U,41893,999,3473,0,-1.45e-06,0,GEO,GEO,0.09255
338,JCSAT-110A (JCSAT-15),2016-082A,2026-06-20T04:13:14.744640,1.0026977,5.287e-05,0.0184,18.3419,76.5405,346.871,0,U,41903,999,3478,0,-3.56e-06,0,GEO,GEO,0.05287
339,STAR ONE D1,2016-082B,2026-06-20T09:00:29.699136,1.00266641,0.0002639,0.0424,55.6663,60.2,203.8669,0,U,41904,999,3480,0,0.0,0,GEO,GEO,0.2639
340,TJS-2,2017-001A,2026-06-20T09:43:29.166816,1.00270493,4.22e-05,0.8427,85.2876,52.631,343.1096,0,U,41911,999,3475,0,-1.1e-07,0,GEO,GEO,0.0422
341,SBIRS GEO-4 (USA 273),2017-004A,2026-06-20T06:05:05.008416,1.00272087,0.0002075,2.2498,43.3808,36.527,300.7222,0,U,41937,999,3462,0,1.18e-06,0,GEO,GEO,0.2075
342,HISPASAT 36W-1,2017-006A,2026-06-20T04:06:12.409344,1.00274209,0.00011036,0.0081,295.7233,144.3159,213.8941,0,U,41942,999,3427,0,-2.49e-06,0,GEO,GEO,0.11036
343,TELKOM 3S,2017-007A,2026-06-20T10:34:38.530272,1.00269139,0.0002382,0.0161,4.5513,87.4027,93.3715,0,U,41944,999,3417,0,0.0,0,GEO,GEO,0.2382
344,INTELSAT 32E (IS-32E),2017-007B,2026-06-20T04:04:12.601056,1.00270661,6.273e-05,0.0183,13.4283,315.6456,317.1739,0,U,41945,999,3425,0,-2.74e-06,0,GEO,GEO,0.06273
345,ECHOSTAR 23,2017-014A,2026-06-20T00:19:52.046976,1.00271442,0.00021591,0.0178,9.4528,78.4628,75.379,0,U,42070,999,3395,0,-6.2e-07,0,GEO,GEO,0.21591
346,WGS F9 (USA 275),2017-016A,2026-06-19T23:05:07.920672,1.00270097,3.65e-05,0.0189,354.7894,318.4442,289.2241,0,U,42075,999,3392,0,0.0,0,GEO,GEO,0.0365
347,SES-10,2017-017A,2026-06-20T09:05:21.732000,1.00272149,0.0002727,0.0216,40.5012,55.6577,241.8767,0,U,42432,999,3378,0,-2.77e-06,0,GEO,GEO,0.2727
348,CHINASAT 16 (SJ-13),2017-018A,2026-06-20T04:13:38.743968,1.00271663,0.0004097,0.1035,89.884,134.5735,217.8376,0,U,42662,999,3377,0,-3.57e-06,0,GEO,GEO,0.4097
349,KOREASAT 7,2017-023A,2026-06-20T11:27:19.018080,1.0027353,7.17e-05,0.019,341.4047,69.7195,145.2904,0,U,42691,999,3340,0,-3.66e-06,0,GEO,GEO,0.0717
350,SGDC,2017-023B,2026-06-19T11:08:46.700160,1.00269861,0.00026635,0.0156,1.6765,94.107,264.2343,0,U,42692,999,3343,0,-2.55e-06,0,GEO,GEO,0.26635
351,GSAT-9,2017-024A,2026-06-20T09:52:13.328832,1.00267932,0.0002519,0.0153,66.8126,18.5927,68.5717,0,U,42695,999,3333,0,-2.9e-06,0,GEO,GEO,0.2519
352,INMARSAT 5-F4,2017-025A,2026-06-20T09:40:40.845792,1.00271389,6.87e-05,0.0186,19.3734,350.8599,100.0381,0,U,42698,999,3331,0,7.1e-07,0,GEO,GEO,0.0687
353,SES-15,2017-026A,2026-06-20T09:28:38.667936,1.00268923,4.41e-05,0.0195,339.4234,78.9236,223.2436,0,U,42709,999,746,0,5.6e-07,0,GEO,GEO,0.0441
354,QZS-2 (MICHIBIKI-2),2017-028A,2026-06-19T11:28:51.813408,1.00283355,0.0758837,39.424,243.1214,269.2922,69.3071,0,U,42738,999,764,0,-1.84e-06,0,GEO,NON_GEO,75.8837
355,VIASAT-2,2017-029A,2026-06-20T09:04:36.804000,1.00271244,2.07e-05,0.0166,300.6474,83.9333,310.2681,0,U,42740,999,3323,0,-2.7e-06,0,GEO,GEO,0.0207
356,GSAT-19,2017-031A,2026-06-20T06:12:49.264992,1.00269785,0.0007006,0.0306,265.2288,166.6198,337.7028,0,U,42747,999,3317,0,1.21e-06,0,GEO,GEO,0.7006
357,ECHOSTAR 21,2017-032A,2026-06-20T07:44:19.508928,1.00271322,0.0002217,1.7707,355.962,95.2291,303.6824,0,U,42749,999,3313,0,6e-07,0,GEO,GEO,0.2217
358,BULGARIASAT-1,2017-038A,2026-06-20T05:59:43.022400,1.00273622,0.0003251,0.013,56.6185,40.0092,263.6515,0,U,42801,999,3287,0,6e-08,0,GEO,GEO,0.3251
359,HELLAS-SAT 3,2017-040A,2026-06-20T06:10:19.506144,1.00273106,0.0004753,0.0557,51.9435,3.8594,344.2326,0,U,42814,999,3283,0,1.47e-06,0,GEO,GEO,0.4753
360,GSAT-17,2017-040B,2026-06-20T01:17:51.692928,1.0027077,0.00018494,0.0164,37.434,268.9951,74.782,0,U,42815,999,3281,0,-2.63e-06,0,GEO,GEO,0.18494
361,INTELSAT 35E (IS-35E),2017-041A,2026-06-20T09:14:35.847168,1.0027294,0.0002053,0.018,23.6269,67.1464,281.973,0,U,42818,999,3284,0,-2.42e-06,0,GEO,GEO,0.2053
362,COSMOS 2520,2017-046A,2026-06-20T06:11:56.848704,1.00272047,8.68e-05,0.0458,95.4065,28.4578,282.5989,0,U,42907,999,3242,0,1.32e-06,0,GEO,GEO,0.0868
363,TDRS 13,2017-047A,2026-06-20T09:21:12.711744,1.00271929,0.0014653,3.4525,2.8357,106.4266,288.2031,0,U,42915,999,3238,0,-1.05e-06,0,GEO,GEO,1.4652999999999998
364,QZS-3 (MICHIBIKI-3),2017-048A,2026-06-20T11:37:19.065216,1.00274667,0.0001992,0.0575,161.6136,282.9218,125.4966,0,U,42917,999,3229,0,-3.52e-06,0,GEO,GEO,0.1992
365,AMAZONAS 5,2017-053A,2026-06-20T02:59:57.866784,1.00272263,0.00019717,0.0322,325.1798,73.4746,213.6749,0,U,42934,999,3207,0,-2.88e-06,0,GEO,GEO,0.19717
366,ASIASAT 9,2017-057A,2026-06-21T05:39:38.551104,1.00262831,0.0002542,0.0418,51.2413,27.7813,37.4783,0,U,42942,999,3190,0,0.0,0,GEO,GEO,0.2542
367,INTELSAT 37E (IS-37E),2017-059A,2026-06-20T09:19:20.391744,1.00271079,0.0002602,0.0188,18.2553,94.8556,277.3301,0,U,42950,999,3209,0,-1.45e-06,0,GEO,GEO,0.2602
368,BSAT-4A,2017-059B,2026-06-19T23:57:40.806144,1.0027025,0.00040565,0.0337,353.9231,76.8596,306.6773,0,U,42951,999,3182,0,-3.55e-06,0,GEO,GEO,0.40565
369,QZS-4 (MICHIBIKI-4),2017-062A,2026-06-18T08:24:11.162016,1.00250086,0.0745019,40.107,343.4662,271.8091,274.2172,0,U,42965,999,3181,0,-3.6e-06,0,GEO,NON_GEO,74.50189999999999
370,SES-11 (ECHOSTAR 105),2017-063A,2026-06-20T08:38:26.699136,1.00271096,0.0002813,0.0149,3.9068,71.1261,218.192,0,U,42967,999,3175,0,-9.4e-07,0,GEO,GEO,0.2813
371,KOREASAT 5A,2017-067A,2026-06-20T09:56:42.899424,1.00273371,6.45e-05,0.0149,314.4364,107.109,109.4054,0,U,42984,999,3156,0,-3.63e-06,0,GEO,GEO,0.0645
372,ALCOMSAT 1,2017-078A,2026-06-20T09:17:20.584320,1.00272414,0.0002328,0.0229,269.2124,172.667,301.2401,0,U,43039,999,3132,0,-1.91e-06,0,GEO,GEO,0.2328
373,SBIRS GEO-3 (USA 282),2018-009A,2026-06-20T09:31:41.319264,1.00271852,0.0001981,2.1865,12.2926,68.2374,171.5933,0,U,43162,999,3087,0,1.23e-06,0,GEO,GEO,0.1981
374,AL YAH 3,2018-012A,2026-06-20T09:18:42.952032,1.00272206,0.000388,1.5612,83.072,3.9994,301.0809,0,U,43174,999,3087,0,-1.6e-06,0,GEO,GEO,0.388
375,SES-14,2018-012B,2026-06-20T04:02:50.231616,1.0027947,0.00012355,0.0176,27.7377,43.1327,210.7211,0,U,43175,999,705,0,-2.83e-06,0,GEO,GEO,0.12355
376,GOES 17,2018-022A,2026-06-20T09:20:38.499936,1.0026948,5.98e-05,0.9463,85.6559,28.1563,205.4138,0,U,43226,999,3045,0,-1.87e-06,0,GEO,GEO,0.0598
377,HISPASAT 30W-6,2018-023A,2026-06-20T01:33:19.881216,1.00271051,0.00057602,0.0445,43.1237,29.8638,188.6152,0,U,43228,999,3043,0,-2.21e-06,0,GEO,GEO,0.57602
378,SUPERBIRD-B3,2018-033A,2026-06-20T09:04:38.784288,1.00270639,0.0001175,0.0262,290.7153,169.2877,106.7514,0,U,43271,999,3009,0,-9.7e-07,0,GEO,GEO,0.1175
379,HYLAS 4,2018-033B,2026-06-20T00:41:34.846656,1.00271055,0.00011232,0.0189,20.7021,65.0638,159.3513,0,U,43272,999,3009,0,-2.39e-06,0,GEO,GEO,0.1123199999999999
380,IRNSS-1I,2018-035A,2026-06-15T20:09:20.172384,1.00272046,0.00178117,28.752,74.2167,181.5598,5.5147,0,U,43286,999,3006,0,6.2e-07,0,GEO,NON_GEO,1.78117
381,USA 283,2018-036A,2026-06-19T12:54:38.708064,1.00268506,8.6e-06,0.0091,53.6723,77.7836,104.0737,0,U,43339,999,2531,0,0.0,0,GEO,GEO,0.0086
382,COSMOS 2526,2018-037A,2026-06-21T16:48:52.822368,1.00272275,2.63e-05,0.0295,76.0753,107.5163,106.5855,0,U,43432,999,3000,0,-3.45e-06,0,GEO,GEO,0.0263
383,APSTAR-6C,2018-041A,2026-06-21T21:58:36.855840,1.00273592,8.82e-05,0.0262,331.1015,26.8735,15.791,0,U,43450,999,2985,0,-3.17e-06,0,GEO,GEO,0.0882
384,BANGABANDHUSAT-1,2018-044A,2026-06-20T10:42:39.157056,1.00273295,0.0001868,0.0361,91.8229,7.1568,89.4313,0,U,43463,999,2974,0,-3.67e-06,0,GEO,GEO,0.1868
385,SES-12,2018-049A,2026-06-20T08:08:51.267264,1.00269236,6.72e-05,0.0148,14.7336,264.4074,206.6153,0,U,43488,999,2945,0,-2.74e-06,0,GEO,GEO,0.0672
386,FENGYUN 2H,2018-050A,2026-06-21T13:09:43.725600,1.00269411,0.0001805,3.0437,79.0286,136.1614,331.3565,0,U,43491,999,2948,0,-1.31e-06,0,GEO,GEO,0.1805
387,BEIDOU-2 IGSO-7,2018-057A,2026-06-20T22:01:56.983296,1.00249965,0.0104976,55.196,163.024,238.0113,308.2121,0,U,43539,999,2916,0,-2.3e-07,0,GEO,NON_GEO,10.497599999999998
388,TELSTAR 19V,2018-059A,2026-06-20T09:06:29.124000,1.00269913,0.0002641,0.0156,116.4746,358.4978,227.2262,0,U,43562,999,2917,0,-2.84e-06,0,GEO,GEO,0.2641
389,TELKOM 4 (MERAH PUTIH),2018-064A,2026-06-20T09:55:20.529984,1.00269652,0.0001515,0.0169,12.0761,103.4112,49.9772,0,U,43587,999,2891,0,0.0,0,GEO,GEO,0.1515
390,TELSTAR 18V,2018-069A,2026-06-20T06:38:33.468000,1.00271609,0.0001817,0.0158,299.0001,141.163,65.9528,0,U,43611,999,2867,0,-2.99e-06,0,GEO,GEO,0.1817
391,AZERSPACE 2 (IS-38),2018-074A,2026-06-20T04:29:25.184256,1.00271425,0.0001411,0.0176,12.5072,75.04,293.3134,0,U,43632,999,2847,0,1.32e-06,0,GEO,GEO,0.1410999999999999
392,HORIZONS-3E,2018-074B,2026-06-19T20:31:26.550624,1.00267073,8.931e-05,0.0016,83.0794,215.5434,86.3125,0,U,43633,999,2836,0,-3.7e-07,0,GEO,GEO,0.08931
393,AEHF-4 (USA 288),2018-079A,2026-06-20T09:05:06.756288,1.00271719,0.0060337,1.4333,4.2858,355.9946,337.0743,0,U,43651,999,2832,0,-2.8e-06,0,GEO,GEO,6.0337000000000005
394,BEIDOU-3 G1,2018-085A,2026-06-21T12:07:38.862624,1.00270433,0.0008152,2.8805,97.253,350.3805,163.9159,0,U,43683,999,2810,0,-1.11e-06,0,GEO,GEO,0.8151999999999999
395,GSAT-29,2018-089A,2026-06-19T23:24:12.383712,1.00276899,0.0003865,0.099,264.2646,153.4996,256.5836,0,U,43698,999,2781,0,7.9e-07,0,GEO,GEO,0.3865
396,ES'HAIL 2,2018-090A,2026-06-20T07:49:11.541792,1.00272471,0.0001829,0.0162,58.1464,66.6264,286.8419,0,U,43700,999,2770,0,1.39e-06,0,GEO,GEO,0.1829
397,GEO-KOMPSAT-2A,2018-100A,2026-06-20T10:01:04.427040,1.00272261,0.000217,0.0473,151.2642,295.2838,100.6088,0,U,43823,999,2766,0,-3.48e-06,0,GEO,GEO,0.217
398,GSAT-11,2018-100B,2026-06-20T09:45:36.464256,1.00272475,0.0007812,0.0485,257.0358,192.2265,39.7563,0,U,43824,999,2751,0,-8.2e-07,0,GEO,GEO,0.7812
399,GSAT-7A,2018-105A,2026-06-20T02:51:44.363808,1.00271952,0.00020431,0.0287,96.4468,330.1212,307.4536,0,U,43864,999,2747,0,2.2e-07,0,GEO,GEO,0.20431
400,COSMOS 2533,2018-107A,2026-06-21T00:13:05.710368,1.00273046,6.96e-05,0.0461,99.0527,340.4839,262.9366,0,U,43867,999,2748,0,-4.1e-07,0,GEO,GEO,0.0696
401,TJS-3,2018-110A,2026-06-20T11:47:22.208928,1.0027006,0.0002268,2.5544,80.4557,79.3783,73.9462,0,U,43874,999,2745,0,-2.21e-06,0,GEO,GEO,0.2268
402,ZHONGXING-2D,2019-001A,2026-06-21T13:24:03.182688,1.00269477,0.0001289,0.0414,195.9171,142.6089,262.2405,0,U,43920,999,5412,0,-3.38e-06,0,GEO,GEO,0.1289
403,HELLAS-SAT 4 & SGS-1,2019-007A,2026-06-20T06:10:19.506144,1.00267834,0.0004983,0.0753,127.6682,12.391,260.0061,0,U,44034,999,2739,0,1.48e-06,0,GEO,GEO,0.4983
404,GSAT-31,2019-007B,2026-06-20T06:26:38.560704,1.00274329,0.0001511,0.057,256.5598,112.5506,43.9069,0,U,44035,999,2699,0,1.2e-06,0,GEO,GEO,0.1510999999999999
405,NUSANTARA SATU,2019-009A,2026-06-20T04:58:07.167360,1.00270647,0.00044221,0.0405,136.7638,340.7115,11.4801,0,U,44048,999,2680,0,-2.39e-06,0,GEO,GEO,0.44221
406,ZHONGXING-6C,2019-012A,2026-06-21T13:24:10.670976,1.00271888,0.0014083,0.0848,74.4909,335.7039,191.0114,0,U,44067,999,2678,0,-3.36e-06,0,GEO,GEO,1.4083
407,WGS 10 (USA 291),2019-014A,2026-06-20T06:18:38.860128,1.00272293,4.13e-05,0.0187,23.6986,337.2196,62.5331,0,U,44071,999,2664,0,4.2e-07,0,GEO,GEO,0.0413
408,TIANLIAN 2-01,2019-017A,2026-06-20T09:46:28.881408,1.00271234,8.72e-05,0.5494,83.1269,32.2467,16.8699,0,U,44076,999,2668,0,-1.11e-06,0,GEO,GEO,0.0872
409,ARABSAT-6A,2019-021A,2026-06-20T07:50:26.422944,1.00275621,0.0001432,0.0516,16.4098,337.6194,62.599,0,U,44186,999,2618,0,1.49e-06,0,GEO,GEO,0.1432
410,BEIDOU-3 IGSO-1,2019-023A,2026-06-20T13:09:30.279168,1.00290704,0.0025616,58.6998,37.6136,225.5297,321.1703,0,U,44204,999,724,0,-2.29e-06,0,GEO,NON_GEO,2.5616
411,BEIDOU-2 G8,2019-027A,2026-06-21T13:33:39.678912,1.00269615,0.0010115,1.6705,74.5245,282.4745,260.6959,0,U,44231,999,2612,0,-2.49e-06,0,GEO,GEO,1.0115
412,YAMAL 601,2019-031A,2026-06-21T13:00:59.220576,1.00271067,0.0002585,0.0134,63.0832,25.7905,65.1063,0,U,44307,999,2597,0,1.19e-06,0,GEO,GEO,0.2585
413,AT&T T-16,2019-034A,2026-06-20T08:30:38.771424,1.00270065,6.5e-05,0.0207,65.5499,225.8469,3.9721,0,U,44333,999,2566,0,-1.2e-06,0,GEO,GEO,0.0649999999999999
414,BEIDOU-3 IGSO-2,2019-035A,2026-06-21T08:40:24.173760,1.00265382,0.00393,55.2486,158.8257,216.3163,144.0827,0,U,44337,999,2571,0,-7.7e-07,0,GEO,NON_GEO,3.93
415,COSMOS 2539,2019-048A,2026-06-20T21:26:34.457568,1.00275171,4.52e-05,0.0385,91.7737,16.4031,134.5612,0,U,44457,999,2526,0,7.8e-07,0,GEO,GEO,0.0452
416,EDRS-C,2019-049A,2026-06-20T11:06:59.547744,1.00270266,8.42e-05,0.0174,99.2418,351.513,127.135,0,U,44475,999,2524,0,-2.67e-06,0,GEO,GEO,0.0842
417,INTELSAT 39 (IS-39),2019-049B,2026-06-20T04:34:09.729696,1.00270937,9.261e-05,0.0124,350.849,338.337,69.7027,0,U,44476,999,2515,0,2.9e-07,0,GEO,GEO,0.09261
418,AMOS-17,2019-050A,2026-06-20T07:46:41.782080,1.00274444,0.0001926,0.0218,319.1911,166.1374,276.8959,0,U,44479,999,2521,0,1.05e-06,0,GEO,GEO,0.1926
419,AEHF-5 (USA 292),2019-051A,2026-06-20T01:17:51.692928,1.00273066,0.00662221,1.4512,336.4772,359.9102,44.4246,0,U,44481,999,2529,0,-2.64e-06,0,GEO,GEO,6.62221
420,MEV-1,2019-067B,2026-06-16T22:18:40.152960,1.00269616,0.00027946,0.874,268.9828,179.8034,307.2103,0,U,44625,999,6174,0,-1.49e-06,0,GEO,GEO,0.27946
421,TJS-4,2019-070A,2026-06-21T13:10:51.116736,1.00273719,0.0004425,0.0293,82.1845,317.2053,151.567,0,U,44637,999,2458,0,-1.71e-06,0,GEO,GEO,0.4425
422,TIBA-1,2019-080A,2026-06-20T04:26:40.447104,1.002726,0.00019833,0.0566,20.373,79.4675,270.7037,0,U,44800,999,2408,0,1.51e-06,0,GEO,GEO,0.19833
423,INMARSAT GX5,2019-080B,2026-06-20T06:02:20.271264,1.00269243,0.0002129,0.0356,7.3336,92.5916,270.1427,0,U,44801,999,681,0,7e-07,0,GEO,GEO,0.2129
424,JCSAT-18 (KACIFIC 1),2019-091A,2026-06-20T11:10:58.612224,1.00272178,3.23e-05,0.0402,198.283,282.1111,105.9994,0,U,44868,999,2404,0,-2.05e-06,0,GEO,GEO,0.0323
425,ELEKTRO-L 3,2019-095A,2026-06-21T09:43:22.168416,1.00271567,0.0001042,0.2692,81.6747,352.7589,56.9646,0,U,44903,999,2375,0,-9.8e-07,0,GEO,GEO,0.1042
426,SHIJIAN-20 (SJ-20),2019-097A,2026-06-20T06:26:38.560704,1.00266805,0.0014829,4.9274,75.0271,52.9458,281.9613,0,U,44910,999,2372,0,1.3e-06,0,GEO,GEO,1.4829
427,TJS-5,2020-002A,2026-06-21T13:17:41.293824,1.00270465,0.0007602,0.007,11.8722,36.2066,168.5853,0,U,44978,999,2375,0,-3.43e-06,0,GEO,GEO,0.7602000000000001
428,GSAT-30,2020-005A,2026-06-20T09:48:13.713120,1.00273051,0.0003454,0.0232,262.0961,176.5947,59.9797,0,U,45026,999,2354,0,-1.69e-06,0,GEO,GEO,0.3454
429,JCSAT-17,2020-013A,2026-06-20T11:01:12.966240,1.00270543,0.0002657,5.392,356.9152,90.1496,122.9182,0,U,45245,999,2326,0,-3.24e-06,0,GEO,NON_GEO,0.2657
430,GEO-KOMPSAT-2B,2020-013B,2026-06-20T10:01:04.427040,1.00272336,3.91e-05,0.0471,200.9451,84.2833,261.9282,0,U,45246,999,2331,0,-3.48e-06,0,GEO,GEO,0.0391
431,BEIDOU-3 G2,2020-017A,2026-06-21T13:09:58.702176,1.00271742,0.0002144,2.8738,47.4324,33.8499,106.0376,0,U,45344,999,2330,0,-1.43e-06,0,GEO,GEO,0.2144
432,AEHF-6 (USA 298),2020-022B,2026-06-20T10:03:19.211040,1.00270451,0.0042999,2.5402,301.2133,17.1396,238.8749,0,U,45465,999,2304,0,-3.03e-06,0,GEO,GEO,4.2999
433,BEIDOU-3 G3,2020-040A,2026-06-21T01:25:50.406816,1.00277648,0.0002606,2.4578,67.5071,323.9742,9.6886,0,U,45807,999,2210,0,-3.57e-06,0,GEO,GEO,0.2606
434,APSTAR-6D,2020-045A,2026-06-20T18:36:01.039392,1.00269199,0.0002379,0.04,81.5114,28.9216,211.5914,0,U,45863,999,2189,0,-3.21e-06,0,GEO,GEO,0.2379
435,KOREASAT 116,2020-048A,2026-06-20T11:27:19.018944,1.00274655,8.56e-05,0.0123,314.2898,137.2809,105.1307,0,U,45920,999,2167,0,-3.66e-06,0,GEO,GEO,0.0856
436,EXPRESS 103,2020-053A,2026-06-21T00:34:51.470976,1.00271909,5.53e-05,0.0134,304.7258,32.8171,36.8941,0,U,45985,999,2168,0,-2.83e-06,0,GEO,GEO,0.0553
437,EXPRESS 80,2020-053B,2026-06-22T00:39:11.594592,1.00257844,0.0001429,0.025,320.6258,253.611,145.754,0,U,45986,999,2167,0,0.0,0,GEO,GEO,0.1429
438,BSAT-4B,2020-056A,2026-06-20T09:55:50.483136,1.00268744,0.00042,0.0101,187.4801,288.058,51.8829,0,U,46112,999,2142,0,0.0,0,GEO,GEO,0.42
439,MEV-2,2020-056B,2026-06-20T09:24:12.426336,1.00270649,1.01e-05,0.0164,305.9154,152.4907,310.2364,0,U,46113,999,8058,0,-1.6e-07,0,GEO,GEO,0.0101
440,GALAXY 30 (G-30),2020-056C,2026-06-20T09:28:38.667936,1.00273107,0.0002284,0.0183,12.9122,75.3591,197.494,0,U,46114,999,2132,0,3.2e-07,0,GEO,GEO,0.2284
441,GAOFEN-13 01,2020-071A,2026-06-21T21:54:07.286112,1.00268505,0.004136,0.5345,84.8388,123.4638,148.5091,0,U,46610,999,2096,0,-3.63e-06,0,GEO,GEO,4.136
442,TIANTONG-1 2,2020-082A,2026-06-21T05:31:38.847936,1.00267638,0.0001133,0.7848,328.1695,115.6613,33.3919,0,U,46916,999,2069,0,-3.58e-06,0,GEO,GEO,0.1133
443,LUCAS (JDRS-1),2020-089A,2026-06-20T09:50:21.007968,1.00269176,0.0002347,0.0494,274.3402,151.9999,80.6439,0,U,47202,999,2045,0,-2.39e-06,0,GEO,GEO,0.2347
444,SXM-7,2020-096A,2026-06-20T09:12:38.572128,1.00266556,0.0003937,0.0324,103.0766,23.9681,194.5424,0,U,47240,999,747,0,-2.09e-06,0,GEO,GEO,0.3937
445,CMS-01,2020-099A,2026-06-20T09:48:06.223968,1.00270928,0.0003485,0.0154,78.5042,201.8183,218.3086,0,U,47256,999,2023,0,-1.69e-06,0,GEO,GEO,0.3485
446,TURKSAT 5A,2021-001A,2026-06-20T06:07:57.232128,1.00271694,1.86e-05,0.0171,61.0853,297.9813,32.3204,0,U,47306,999,1999,0,1.49e-06,0,GEO,GEO,0.0186
447,TIANTONG-1 3,2021-003A,2026-06-21T13:10:21.166176,1.00269921,0.0003142,1.7523,339.6373,114.2534,94.9493,0,U,47321,999,2000,0,-1.56e-06,0,GEO,GEO,0.3142
448,TJS-6,2021-010A,2026-06-21T10:12:39.030336,1.0027079,0.0003014,0.2382,263.7649,225.1211,112.3612,0,U,47613,999,1984,0,4.1e-07,0,GEO,GEO,0.3014
449,SBIRS GEO-5 (USA 315),2021-042A,2026-06-20T09:51:13.425120,1.00271391,0.0001463,5.0991,329.163,120.1566,60.9118,0,U,48618,999,1880,0,-2.75e-06,0,GEO,NON_GEO,0.1463
450,FENGYUN 4B,2021-047A,2026-06-21T13:16:56.364960,1.00275001,0.0005927,0.1647,78.1229,276.9641,218.587,0,U,48808,999,1861,0,-3.32e-06,0,GEO,GEO,0.5927
451,SXM-8,2021-049A,2026-06-20T07:48:38.765952,1.00271411,0.0005064,0.0192,19.7196,11.6595,269.1643,0,U,48838,999,1861,0,-2.1e-06,0,GEO,GEO,0.5064
452,TIANLIAN 1-05,2021-063A,2026-06-20T21:27:49.338720,1.00272457,5.81e-05,1.6045,80.6811,349.1913,177.9819,0,U,49011,999,1811,0,1.04e-06,0,GEO,GEO,0.0581
453,STAR ONE D2,2021-069A,2026-06-18T19:26:03.034176,1.00270132,0.00020325,0.0153,340.0202,132.6885,15.7458,0,U,49055,999,1796,0,0.0,0,GEO,GEO,0.20325
454,ZHONGXING-2E,2021-071A,2026-06-20T09:52:13.328832,1.00272973,0.0001673,0.0209,225.11,266.6751,22.9587,0,U,49062,999,1807,0,-2.96e-06,0,GEO,GEO,0.1673
455,TJS-7,2021-077A,2026-06-21T15:43:58.930752,1.00277933,0.0003566,0.3427,264.9653,117.0822,24.2691,0,U,49115,999,959,0,-1.25e-06,0,GEO,GEO,0.3566
456,CHINASAT 9B,2021-080A,2026-06-21T13:15:56.462112,1.00273166,0.0002119,0.033,262.4533,209.883,97.7954,0,U,49125,999,1769,0,-3.14e-06,0,GEO,GEO,0.2119
457,SHIJIAN-21 (SJ-21),2021-094A,2026-06-20T11:47:27.888864,1.00269328,0.0049654,5.1217,61.1679,168.2525,344.1673,0,U,49330,999,539,0,-3.53e-06,0,GEO,NON_GEO,4.9654
458,SES-17,2021-095A,2026-06-18T14:18:52.046208,1.00269036,8.114e-05,0.0267,40.8266,45.0665,328.5524,0,U,49332,999,1786,0,-2.78e-06,0,GEO,GEO,0.08114
459,SYRACUSE 4A,2021-095B,2026-06-19T06:14:56.927040,1.0026875,0.00016356,0.0178,11.5381,69.1185,326.0593,0,U,49333,999,1796,0,1.29e-06,0,GEO,GEO,0.16356
460,QZS-1R (MICHIBIKI-1R),2021-096A,2026-06-19T15:10:55.566912,1.00254705,0.07548004,37.4674,79.546,271.8525,278.0167,0,U,49336,999,1703,0,-2.9e-06,0,GEO,NON_GEO,75.48004
461,ZHONGXING-1D,2021-114A,2026-06-21T21:57:29.462976,1.0027506,2.82e-05,0.0408,166.9763,28.8668,173.7879,0,U,49505,999,1686,0,-3.36e-06,0,GEO,GEO,0.0282
462,STPSAT-6,2021-118A,2026-06-20T10:42:38.884032,1.00269666,0.0001185,0.3304,85.3568,256.6364,335.6712,0,U,49817,999,1660,0,-5e-07,0,GEO,GEO,0.1185
463,EXPRESS AMU-7,2021-123A,2026-06-21T22:01:44.056992,1.00272286,3.8e-06,0.0163,288.9404,247.1321,209.4669,0,U,50001,999,1658,0,-2.42e-06,0,GEO,GEO,0.0038
464,EXPRESS AMU-3,2021-123B,2026-06-20T23:11:44.489760,1.00269559,4e-05,0.0209,335.7514,303.9567,80.2873,0,U,50002,999,707,0,0.0,0,GEO,GEO,0.04
465,TIANLIAN 2-02,2021-124A,2026-06-21T20:26:22.774272,1.00281719,0.0001195,0.8148,86.0573,167.1157,134.4235,0,U,50005,999,1666,0,-1.3e-07,0,GEO,GEO,0.1195
466,TURKSAT 5B,2021-126A,2026-06-19T02:48:36.163008,1.00271147,0.00032341,0.0673,343.7991,12.4246,355.2631,0,U,50212,999,1631,0,1.4e-06,0,GEO,GEO,0.32341
467,INMARSAT 6-F1,2021-128A,2026-06-18T20:09:55.247328,1.00270212,3.03e-05,0.0186,327.5438,244.7765,80.9907,0,U,50319,999,1627,0,-1.78e-06,0,GEO,GEO,0.0303
468,SHIYAN-12 01 (SY-12 01),2021-129A,2026-06-20T00:10:51.932928,1.00040617,0.0003238,3.6828,79.8734,288.0982,320.7124,0,U,50321,999,1652,0,9.1e-07,0,GEO,GEO,0.3238
469,SHIYAN-12 02 (SY-12 02),2021-129B,2026-06-20T08:07:51.361824,1.00488779,0.0002777,3.6832,79.8744,58.4175,343.5989,0,U,50322,999,1653,0,-2.85e-06,0,GEO,GEO,0.2776999999999999
470,TJS-9,2021-135A,2026-06-21T21:59:29.272128,1.0027347,0.0003758,0.0357,216.6604,199.155,321.3825,0,U,50574,999,1647,0,-2.98e-06,0,GEO,GEO,0.3757999999999999
471,USA 324,2022-006A,2026-06-06T02:06:38.886912,1.00289779,0.000284,0.769,83.2777,165.6787,110.1567,0,U,51280,999,1602,0,-5.8e-07,0,GEO,GEO,0.284
472,GOES 18,2022-021A,2026-06-19T22:29:21.715296,1.0027195,4.251e-05,0.0372,171.734,325.467,331.2805,0,U,51850,999,662,0,9.1e-07,0,GEO,GEO,0.04251
473,ZHONGXING-6D,2022-038A,2026-06-20T21:43:48.403776,1.00268056,4.21e-05,0.0102,344.3774,120.1595,255.4678,0,U,52255,999,1546,0,0.0,0,GEO,GEO,0.0421
474,NILESAT 301,2022-061A,2026-06-20T09:22:27.592896,1.00271181,0.0004675,0.0507,20.7867,36.9855,344.4364,0,U,52817,999,1476,0,-6.2e-07,0,GEO,GEO,0.4674999999999999
475,CMS-02 (GSAT-24),2022-067A,2026-06-20T09:48:13.713120,1.00271954,0.0001803,0.0494,253.6008,114.3593,130.7262,0,U,52903,999,1464,0,-1.69e-06,0,GEO,GEO,0.1803
476,MEASAT 3D,2022-067B,2026-06-20T09:50:35.986272,1.00271559,0.0001345,0.0265,352.1472,25.8731,129.749,0,U,52904,999,1468,0,-2.46e-06,0,GEO,GEO,0.1344999999999999
477,SES-22,2022-071A,2026-06-20T08:44:52.380096,1.00272735,0.0001394,0.0091,34.4553,43.1756,183.1477,0,U,52933,999,755,0,1e-06,0,GEO,GEO,0.1394
478,WFOV (USA 332),2022-073A,2026-06-20T10:42:20.562048,1.00273601,0.0002017,3.7203,78.4896,255.7442,214.2717,0,U,52940,999,1440,0,-3.67e-06,0,GEO,GEO,0.2017
479,TIANLIAN 2-03,2022-078A,2026-06-20T06:02:12.782112,1.00271393,0.0001322,0.6787,77.0936,333.4102,319.0912,0,U,53100,999,1457,0,6.7e-07,0,GEO,GEO,0.1321999999999999
480,SBIRS GEO-6 (USA 336),2022-092A,2026-06-20T11:09:54.844704,1.00270925,0.0001883,3.2514,317.5627,121.1257,136.4655,0,U,53355,999,1426,0,-2.97e-06,0,GEO,GEO,0.1883
481,ZHONGXING-1E,2022-112A,2026-06-21T13:10:13.677888,1.00272232,5.61e-05,0.0421,183.4778,137.9279,227.3046,0,U,53813,999,1389,0,-1.51e-06,0,GEO,GEO,0.0561
482,SES-20,2022-123A,2026-06-19T20:56:24.158112,1.00271156,0.00018191,0.0296,69.4323,12.2949,37.3554,0,U,53960,999,1356,0,-1.06e-06,0,GEO,GEO,0.18191
483,SES-21,2022-123B,2026-06-20T09:28:38.667936,1.00268958,0.0001006,0.0398,21.6419,72.4818,185.7194,0,U,53961,999,724,0,0.0,0,GEO,GEO,0.1006
484,GALAXY 33 (G-33),2022-128A,2026-06-20T09:28:38.667936,1.00270656,0.0001741,0.0225,55.3005,30.1498,192.3075,0,U,54026,999,1377,0,7.5e-07,0,GEO,GEO,0.1741
485,GALAXY 34 (G-34),2022-128B,2026-06-20T00:50:38.717376,1.00275411,0.00017584,0.0124,53.5288,53.8534,44.5334,0,U,54027,999,1394,0,5.3e-07,0,GEO,GEO,0.17584
486,ANGOSAT 2,2022-131A,2026-06-21T12:53:37.428000,1.00273779,7.25e-05,0.0299,100.6416,327.5424,57.951,0,U,54033,999,1352,0,1.34e-06,0,GEO,GEO,0.0725
487,LDPE-2,2022-144A,2026-06-20T08:40:22.812096,1.00534001,0.0001867,5.6217,63.6302,98.8441,81.6912,0,U,54219,999,1187,0,1.19e-06,0,GEO,NON_GEO,0.1867
488,ZHONGXING-19,2022-148A,2026-06-21T12:07:38.862624,1.00272048,0.0002531,0.0171,64.7588,46.9675,143.0775,0,U,54230,999,1342,0,-8.3e-07,0,GEO,GEO,0.2531
489,GALAXY 31 (G-31),2022-153A,2026-06-20T05:24:41.082336,1.00272126,0.000117,0.025,88.2921,352.9233,147.3806,0,U,54243,999,716,0,8e-08,0,GEO,GEO,0.1169999999999999
490,GALAXY 32 (G-32),2022-153B,2026-06-20T05:33:04.082400,1.00271613,0.0002075,0.0157,36.0739,1.5238,223.1141,0,U,54244,999,1317,0,-1.79e-06,0,GEO,GEO,0.2075
491,GALAXY 35 (G-35),2022-170A,2026-06-20T08:57:52.450272,1.0027192,0.0001886,0.0184,78.3754,7.7151,223.8506,0,U,54741,999,1292,0,-1.67e-06,0,GEO,GEO,0.1886
492,GALAXY 36 (G-36),2022-170B,2026-06-20T08:59:07.328832,1.00272198,0.0002602,0.0027,66.1363,18.0076,230.2209,0,U,54742,999,1280,0,-1.9e-06,0,GEO,GEO,0.2602
493,METEOSAT-12 (MTG-I1),2022-170C,2026-06-20T05:59:05.580960,1.00273524,0.000332,0.7421,23.5307,70.9892,263.3203,0,U,54743,999,1300,0,-1.3e-07,0,GEO,GEO,0.332
494,SHIJIAN-23 (SJ-23),2023-002A,2026-06-20T11:48:12.491136,1.00087098,0.0003795,3.727,78.2744,275.1369,238.2597,0,U,55131,999,1254,0,-2.72e-06,0,GEO,GEO,0.3795
495,APSTAR-6E,2023-005A,2026-06-21T12:23:38.759712,1.00272313,7.53e-05,0.0336,240.6321,315.1115,33.8531,0,U,55239,999,1873,0,-3.19e-06,0,GEO,GEO,0.0753
496,USA 342,2023-008A,2026-06-19T16:53:16.090080,1.00267812,1.25e-05,0.0057,73.3519,107.0449,4.6843,0,U,55263,999,1254,0,0.0,0,GEO,GEO,0.0125
497,LDPE-3A,2023-008B,2026-06-20T08:49:38.238816,0.99145584,0.0001203,2.3572,81.6285,57.3943,140.0346,0,U,55264,999,1184,0,7.4e-07,0,GEO,GEO,0.1202999999999999
498,ELEKTRO-L 4,2023-016A,2026-06-20T19:00:47.579904,1.00271037,8.84e-05,0.0764,157.9076,20.164,181.9168,0,U,55506,999,1237,0,-6.2e-07,0,GEO,GEO,0.0883999999999999
499,AMAZONAS NEXUS,2023-017A,2026-06-19T19:38:38.806080,1.00264811,0.00047427,0.0386,39.7222,27.7449,74.2186,0,U,55508,999,707,0,-2.88e-06,0,GEO,GEO,0.47427
500,ZHONGXING-26,2023-023A,2026-06-21T21:55:59.606112,1.00271654,0.0003654,0.0668,71.1386,18.8407,274.2455,0,U,55686,999,1227,0,-3.54e-06,0,GEO,GEO,0.3654
501,LUCH-5X (OLYMP-K 2),2023-031A,2026-06-20T04:34:09.728832,1.00272356,8.49e-05,0.0319,70.1111,132.8971,195.9281,0,U,55841,999,1196,0,2.8e-07,0,GEO,GEO,0.0849
502,GAOFEN-13 02,2023-036A,2026-06-21T12:35:40.643808,1.00269978,0.0003996,1.0212,1.7574,337.6625,267.4934,0,U,55912,999,1213,0,-2.2e-06,0,GEO,GEO,0.3996
503,SES-18,2023-038A,2026-06-20T08:55:07.713120,1.00271692,7.5e-06,0.0112,310.7634,250.1603,98.3356,0,U,55970,999,1213,0,-1.06e-06,0,GEO,GEO,0.0075
504,SES-19,2023-038B,2026-06-20T08:24:38.675232,1.00270933,0.0001709,0.0305,294.0186,159.7518,166.0491,0,U,55971,999,1212,0,8.3e-07,0,GEO,GEO,0.1709
505,INTELSAT 40E (IS-40E),2023-052A,2026-06-20T07:08:38.609376,1.00271291,0.0002048,0.0177,79.6556,45.4481,159.5614,0,U,56174,999,1185,0,-1.79e-06,0,GEO,GEO,0.2047999999999999
506,VIASAT-3 F1,2023-060A,2026-06-19T19:17:44.369664,1.00271166,0.00011009,0.024,350.3723,91.4983,26.6368,0,U,56370,999,1146,0,0.0,0,GEO,GEO,0.11009
507,ARCTURUS,2023-060B,2026-06-20T09:45:06.511104,1.00272479,0.0002642,2.7832,79.9141,53.4469,354.0398,0,U,56371,999,1149,0,-6.8e-07,0,GEO,GEO,0.2642
508,GS-1,2023-060C,2026-06-18T17:20:11.631840,1.00274169,0.00037425,2.7297,79.8139,281.5832,255.0259,0,U,56372,999,755,0,-2.32e-06,0,GEO,GEO,0.37425
509,BEIDOU-3 G4,2023-066A,2026-06-21T13:56:59.066880,1.00272609,0.0004518,0.4811,332.6937,178.0024,108.3779,0,U,56564,999,1143,0,-2.82e-06,0,GEO,GEO,0.4518
510,ARABSAT-7B (BADR-8),2023-075A,2026-06-19T19:50:40.010208,1.00269503,0.0004455,0.0749,27.8208,357.9211,205.9741,0,U,56757,999,1114,0,1.39e-06,0,GEO,GEO,0.4455
511,NVS-01 (IRNSS-1J),2023-076A,2026-06-20T10:53:22.983072,1.00277443,0.0003064,2.1573,244.1904,17.9405,299.3162,0,U,56759,999,1114,0,-3.39e-06,0,GEO,GEO,0.3064
512,NUSANTARA TIGA (SATRIA),2023-086A,2026-06-20T04:58:07.167360,1.00272989,0.00037201,0.034,356.2217,352.307,140.4223,0,U,57045,999,979,0,-2.39e-06,0,GEO,GEO,0.37201
513,H2SAT (HEINRICH HERTZ),2023-093A,2026-06-19T23:08:45.074112,1.00267176,9.244e-05,0.0547,104.6262,92.6961,58.7472,0,U,57213,999,1094,0,-4e-08,0,GEO,GEO,0.09244
514,SYRACUSE 4B,2023-093B,2026-06-19T23:06:37.778400,1.00267268,3.314e-05,0.0176,27.0469,143.7789,77.5597,0,U,57214,999,699,0,-6e-07,0,GEO,GEO,0.0331399999999999
515,JUPITER 3 (ECHOSTAR 24),2023-108A,2026-06-19T12:29:55.901760,1.00270358,0.00013041,0.0217,356.894,90.3513,272.7697,0,U,57479,999,1066,0,0.0,0,GEO,GEO,0.13041
516,GALAXY 37 (G-37),2023-112A,2026-06-20T09:28:38.667936,1.00271511,0.0002022,0.0142,358.8482,87.9609,196.9518,0,U,57493,999,1057,0,4.4e-07,0,GEO,GEO,0.2022
517,LUDI TANCE-4 01A,2023-120A,2026-06-20T01:16:44.300928,1.00268643,0.00012596,15.1003,193.8881,33.4484,149.7746,0,U,57624,999,1057,0,-1.8e-06,0,GEO,NON_GEO,0.12596
518,TJS-10,2023-169A,2026-06-20T09:50:50.961120,1.00273826,0.0003823,2.5538,80.4555,108.2378,320.0657,0,U,58204,999,957,0,-2.55e-06,0,GEO,GEO,0.3823
519,ZHONGXING-6E,2023-172A,2026-06-21T06:19:38.768160,1.00269602,0.0002889,0.048,90.8226,352.6953,36.3685,0,U,58253,999,970,0,-3.63e-06,0,GEO,GEO,0.2889
520,YAOGAN-41,2023-197A,2026-06-21T13:22:10.862688,1.00268395,0.0014172,3.1198,313.2244,193.3438,86.8902,0,U,58582,999,936,0,-3.64e-06,0,GEO,GEO,1.4172
521,OVZON-3,2024-003A,2026-06-20T02:50:51.948384,1.00272956,3.39e-06,0.0048,130.8972,159.5336,80.2964,0,U,58698,999,747,0,4.6e-07,0,GEO,GEO,0.00339
522,INSAT-3DS,2024-033A,2026-06-20T09:47:51.249120,1.00271082,0.0001171,0.0479,106.3313,331.3573,59.9873,0,U,58990,999,4710,0,-1.6e-06,0,GEO,GEO,0.1171
523,MERAH PUTIH 2,2024-035A,2026-06-19T20:15:20.594304,1.00268914,0.00012335,0.0162,1.6947,88.4357,234.7192,0,U,58995,999,861,0,0.0,0,GEO,GEO,0.1233499999999999
524,TJS-11,2024-037A,2026-06-22T00:03:44.205408,1.0027385,0.0003303,4.1923,327.159,110.0551,306.5557,0,U,59020,999,863,0,-3.65e-06,0,GEO,GEO,0.3303
525,HULIANWAN GAOGUI-01 (HG-01),2024-040A,2026-06-20T06:08:34.671840,1.00271141,0.0003106,0.0688,329.7998,66.6512,357.7319,0,U,59069,999,735,0,1.51e-06,0,GEO,GEO,0.3106
526,PAKSAT-MM1,2024-104A,2026-06-19T23:11:14.680896,1.00266668,0.00024596,0.0325,88.0434,347.0422,219.0963,0,U,59915,999,755,0,1.48e-06,0,GEO,GEO,0.2459599999999999
527,ASTRA 1P (SES-24),2024-115A,2026-06-19T20:12:38.611584,1.00275004,6.512e-05,0.058,357.1167,25.1211,208.193,0,U,60086,999,722,0,1.15e-06,0,GEO,GEO,0.06512
528,GOES 19,2024-119A,2026-06-20T08:54:38.574720,1.00270517,4.07e-05,0.0015,112.2371,49.5773,165.2311,0,U,60133,999,699,0,-2.53e-06,0,GEO,GEO,0.0407
529,ZHONGXING-3A,2024-122A,2026-06-20T14:09:48.116736,1.00272426,0.0001215,0.0402,113.7747,9.0664,99.9844,0,U,60179,999,734,0,-3.18e-06,0,GEO,GEO,0.1215
530,TURKSAT 6A,2024-127A,2026-06-20T04:28:25.279680,1.00271169,0.00017063,0.0134,188.2343,301.1136,248.1457,0,U,60233,999,704,0,0.0,0,GEO,GEO,0.17063
531,HULIANWAN GAOGUI-02 (HG-02),2024-135A,2026-06-20T13:21:12.633408,1.00269765,0.0007383,0.0432,354.2481,13.9786,253.9739,0,U,60327,999,753,0,-1.78e-06,0,GEO,GEO,0.7383
532,ZHONGXING-4A,2024-151A,2026-06-20T09:58:05.267136,1.00272227,1.52e-05,1.3048,270.7935,182.6537,82.9304,0,U,60606,999,678,0,-3.67e-06,0,GEO,GEO,0.0152
533,HULIANWAN GAOGUI-03 (HG-03),2024-181A,2026-06-19T21:03:53.439840,1.00270259,0.00011383,0.0459,358.3743,95.3158,53.2376,0,U,61503,999,685,0,-2.46e-06,0,GEO,GEO,0.11383
534,DSN-3 (KIRAMEKI-3),2024-198A,2026-06-20T11:03:21.822336,1.00270761,6.09e-05,0.0267,281.4287,189.8925,107.2456,0,U,61733,999,595,0,-2.55e-06,0,GEO,GEO,0.0609
535,KOREASAT 6A,2024-206A,2026-06-19T18:33:41.092992,1.00269362,8.181e-05,0.0257,97.085,327.3804,237.9476,0,U,61910,999,586,0,-3.67e-06,0,GEO,GEO,0.08181
536,OPTUS-X (ADS-01),2024-212A,2026-06-20T08:26:27.344832,1.00271869,0.0001878,0.0108,311.5369,178.3382,61.6776,0,U,62006,999,579,0,-1.48e-06,0,GEO,GEO,0.1878
537,GSAT-N2 (GSAT-20),2024-214A,2026-06-20T09:43:44.144256,1.00270647,0.0001953,0.0463,108.9199,329.6343,43.9353,0,U,62028,999,593,0,-2.3e-07,0,GEO,GEO,0.1953
538,SXM-9,2024-234A,2026-06-19T19:18:44.275104,1.00271752,0.00050446,0.0121,345.5677,330.373,156.5984,0,U,62259,999,560,0,-2.11e-06,0,GEO,GEO,0.50446
539,TJS-12,2024-246A,2026-06-21T12:35:40.618752,1.00268929,0.0002083,0.6599,299.619,86.9315,218.5932,0,U,62374,999,560,0,-2.33e-06,0,GEO,GEO,0.2082999999999999
540,NUVIEW ALPHA,2024-252B,2026-06-20T09:00:44.673984,1.00268481,0.0001109,0.0544,34.8592,31.812,254.0224,0,U,62455,999,385,0,-2.2e-06,0,GEO,GEO,0.1109
541,AGILA,2024-252C,2026-06-20T11:12:52.782048,1.00271197,0.0001257,0.0639,122.9722,336.9984,129.0807,0,U,62456,999,519,0,-1.86e-06,0,GEO,GEO,0.1257
542,NUVIEW BRAVO,2024-252D,2026-06-20T09:00:44.673984,1.00271802,0.0002084,0.0743,146.5525,337.9215,196.1742,0,U,62457,999,382,0,-2.19e-06,0,GEO,GEO,0.2084
543,THURAYA-4,2025-001A,2026-06-19T21:26:38.596128,1.0027273,1.29e-05,0.026,67.3649,235.017,331.6905,0,U,62483,999,420,0,1.34e-06,0,GEO,GEO,0.0129
544,SHIJIAN-25 (SJ-25),2025-002A,2026-06-20T10:46:44.814720,1.00261664,0.0052012,5.1219,61.1498,173.403,322.9628,0,U,62485,999,539,0,-3.57e-06,0,GEO,NON_GEO,5.201199999999999
545,TJS-14,2025-017A,2026-06-21T12:52:15.057696,1.00276757,8.3e-05,0.7716,295.9577,276.0073,269.286,0,U,62804,999,531,0,1.15e-06,0,GEO,GEO,0.083
546,SPAINSAT NG I,2025-021A,2026-06-20T00:43:51.585888,1.00271397,2.234e-05,0.0178,1.7789,177.4851,128.9379,0,U,62852,999,401,0,1.46e-06,0,GEO,GEO,0.02234
547,QZS-6 (MICHIBIKI-6),2025-023A,2026-06-20T09:50:21.007968,1.0027006,0.0001896,0.0614,73.8005,19.1523,53.7613,0,U,62876,999,498,0,-2.37e-06,0,GEO,GEO,0.1896
548,ZHONGXING-10R,2025-036A,2026-06-20T09:55:57.971424,1.002705,0.0003589,0.0045,296.2419,202.1815,29.7251,0,U,63075,999,499,0,-3.56e-06,0,GEO,GEO,0.3589
549,TJS-15,2025-045A,2026-06-20T08:08:43.778112,1.00270564,0.0004649,0.2944,85.4731,299.0125,100.6355,0,U,63157,999,479,0,-2.69e-06,0,GEO,GEO,0.4649
550,TIANLIAN 2-04,2025-062A,2026-06-21T09:44:29.560416,1.00272079,0.0031483,4.3626,274.3783,10.3849,211.0218,0,U,63361,999,464,0,-1.36e-06,0,GEO,GEO,3.1483000000000003
551,TJS-16,2025-064A,2026-06-20T11:05:19.253760,1.00271697,0.0003312,1.1077,81.4457,292.6528,221.5121,0,U,63397,999,442,0,-1.1e-06,0,GEO,GEO,0.3312
552,TJS-17,2025-073A,2026-06-20T11:47:37.435200,1.0027267,0.0002059,1.0737,82.6749,302.0289,225.4498,0,U,63524,999,432,0,-7.4e-07,0,GEO,GEO,0.2059
553,TIANLIAN 2-05,2025-084A,2026-06-21T12:52:45.010848,1.0027308,0.0003257,4.4391,279.7867,150.3286,53.1495,0,U,63662,999,442,0,1.23e-06,0,GEO,GEO,0.3257
554,TJS-19,2025-097A,2026-06-20T11:48:12.150720,1.00275639,0.0002894,3.28,317.5119,246.8383,22.5951,0,U,63924,999,417,0,-2.81e-06,0,GEO,GEO,0.2894
555,CHINASAT 3B,2025-106A,2026-06-21T22:07:58.457568,1.00271074,0.0003337,0.0405,164.4682,322.0773,282.864,0,U,64062,999,410,0,-4.5e-07,0,GEO,GEO,0.3337
556,SXM-10,2025-122A,2026-06-20T08:46:14.646720,1.00272116,0.0001887,0.0222,37.6064,326.2448,280.1173,0,U,64290,999,371,0,-2.2e-07,0,GEO,GEO,0.1887
557,COSMOS 2589,2025-131A,2026-06-20T06:26:55.413024,1.00271371,2.41e-05,0.0427,87.6996,16.8448,358.6431,0,U,64467,999,359,0,-2.96e-06,0,GEO,GEO,0.0241
558,CHINASAT 9C,2025-132A,2026-06-20T08:07:51.361824,1.00273457,0.0003074,0.0131,73.6837,13.1824,35.8296,0,U,64470,999,418,0,-2.52e-06,0,GEO,GEO,0.3074
559,MTG-S1,2025-143A,2026-06-20T09:23:49.962336,1.00399694,8.29e-05,0.6001,339.7327,294.1194,133.2187,0,U,64723,999,345,0,-5e-08,0,GEO,GEO,0.0829
560,DROR 1,2025-148A,2026-06-20T09:23:20.010048,1.00271314,0.0002642,0.0439,72.5487,318.5944,14.2794,0,U,64784,999,332,0,-3.9e-07,0,GEO,GEO,0.2642
561,SHIYAN-29,2025-196A,2026-06-20T01:17:59.181216,1.00284739,0.00125398,28.8247,18.4992,177.1148,186.8195,0,U,65486,999,291,0,-2.85e-06,0,GEO,NON_GEO,1.25398
562,NUSANTARA LIMA (NUSANTARA 5),2025-205A,2026-06-20T08:13:58.274976,1.00270872,1.07e-05,0.0404,170.4876,328.8729,5.5338,0,U,65588,999,275,0,-3.62e-06,0,GEO,GEO,0.0107
563,TJS-20,2025-238A,2026-06-20T00:21:02.127744,1.00267297,0.00041897,5.4622,299.5493,158.1883,238.2077,0,U,66142,999,236,0,1.9e-07,0,GEO,NON_GEO,0.41897
564,CMS-03 (GSAT-7R),2025-249B,2026-06-20T09:45:36.464256,1.00271464,0.0001691,0.0166,80.7193,2.1969,46.0837,0,U,66311,999,238,0,-8.1e-07,0,GEO,GEO,0.1691
565,VIASAT-3 F2,2025-261A,2026-06-19T21:03:23.488416,1.0027037,4.79e-06,0.0363,174.4747,277.787,52.7047,0,U,66454,999,282,0,-2.39e-06,0,GEO,GEO,0.00479
566,SHIJIAN-28 (SJ-28),2025-277A,2026-06-20T11:30:20.865888,1.00276035,0.0001125,4.5287,272.0817,39.314,246.6563,0,U,66549,999,218,0,-3.64e-06,0,GEO,GEO,0.1125
567,TJS-22,2025-290A,2026-06-20T20:46:41.821248,1.00274221,0.0001975,1.5201,286.6283,330.4567,30.1809,0,U,66990,999,206,0,-1.1e-07,0,GEO,GEO,0.1975
568,TJS-23,2025-306A,2026-06-19T14:16:57.988704,1.00266223,0.00047257,5.5825,297.474,175.6001,184.5544,0,U,67226,999,191,0,1e-07,0,GEO,NON_GEO,0.47257
569,FENGYUN 4C,2025-312A,2026-06-21T04:50:38.753088,1.00270515,3.16e-05,0.0446,152.2345,41.1577,281.6598,0,U,67246,999,182,0,-3.25e-06,0,GEO,GEO,0.0316
570,SHIJIAN-29A (SJ-29A),2025-315A,2026-06-20T09:45:21.486816,1.00270205,0.0003269,3.407,95.0285,23.8001,9.2958,0,U,67302,999,165,0,-7.2e-07,0,GEO,GEO,0.3268999999999999
571,SHIJIAN-29B (SJ-29B),2025-315C,2026-06-20T02:54:44.075808,1.00270047,0.0004057,3.4052,95.0272,34.8918,255.3079,0,U,67403,999,171,0,-7.3e-07,0,GEO,GEO,0.4057
572,ELEKTRO-L 5,2026-028A,2026-06-20T01:02:46.276224,1.00272291,0.00017499,0.2466,312.6978,180.6855,226.6194,0,U,67756,999,128,0,-1.03e-06,0,GEO,GEO,0.17499
573,JAM-E JAM 1,2026-028B,2026-06-19T14:44:55.564800,1.00277035,0.00011012,0.2541,303.2318,292.6751,287.1607,0,U,67757,999,114,0,1.5e-06,0,GEO,GEO,0.11012
574,ECHOSTAR 25,2026-045A,2026-06-20T03:14:33.172224,1.00270586,0.00019425,0.0191,32.9364,58.2837,115.7547,0,U,68126,999,102,0,-6.1e-07,0,GEO,GEO,0.19425
575,O3B FM5,2013-031A,2026-06-20T05:43:03.098784,5.00115674,0.0002917,0.0979,343.281,92.7743,283.9749,0,U,39188,999,23719,0,-2.4e-07,0,SES,GEO,0.2917
576,O3B FM4,2013-031B,2026-06-19T03:47:58.565472,5.00115263,0.00050694,0.0422,346.3689,90.8982,282.7872,0,U,39189,999,23714,0,-2.4e-07,0,SES,GEO,0.50694
577,O3B FM2,2013-031C,2026-06-20T00:33:40.326624,5.00116048,0.0002756,0.0372,341.1553,104.1157,274.7581,0,U,39190,999,23725,0,-2.4e-07,0,SES,GEO,0.2755999999999999
578,O3B PFM,2013-031D,2026-06-20T05:41:50.833824,5.00116016,0.000535,0.0676,351.459,91.475,277.1245,0,U,39191,999,23682,0,-2.4e-07,0,SES,GEO,0.535
579,O3B FM3,2014-038A,2026-06-20T02:30:01.226304,5.00115672,0.0002353,0.048,353.7178,153.7057,212.5887,0,U,40079,999,21319,0,-2.4e-07,0,SES,GEO,0.2353
580,O3B FM7,2014-038B,2026-06-20T06:00:16.193952,5.00115643,0.0003798,0.047,344.8361,77.278,297.9219,0,U,40080,999,21803,0,-2.4e-07,0,SES,GEO,0.3798
581,O3B FM6,2014-038C,2026-06-20T06:39:07.250400,5.00115726,0.0002637,0.047,350.4633,97.5493,272.0152,0,U,40081,999,21798,0,-2.4e-07,0,SES,GEO,0.2637
582,O3B FM8,2014-038D,2026-06-20T03:07:57.682272,5.0011605,0.0002757,0.047,349.2203,101.3096,269.4992,0,U,40082,999,21809,0,-2.4e-07,0,SES,GEO,0.2757
583,O3B FM10,2014-083A,2026-06-18T18:12:16.394112,5.00115243,0.00026782,0.0376,329.7309,117.5455,272.7519,0,U,40348,999,20997,0,-2.3e-07,0,SES,GEO,0.26782
584,O3B FM11,2014-083B,2026-06-19T13:41:51.494496,5.00115539,0.00026869,0.0555,354.2093,77.7175,288.1001,0,U,40349,999,21003,0,-2.4e-07,0,SES,GEO,0.26869
585,O3B FM12,2014-083C,2026-06-19T23:56:26.401056,5.00115931,0.00025257,0.0546,354.2593,92.247,273.5202,0,U,40350,999,21006,0,-2.4e-07,0,SES,GEO,0.2525699999999999
586,O3B FM9,2014-083D,2026-06-20T05:22:55.009056,5.00115983,0.0002706,0.0564,353.4273,93.8298,272.7715,0,U,40351,999,21022,0,-2.4e-07,0,SES,GEO,0.2706
587,O3B FM15,2018-024A,2026-06-18T11:48:32.210208,5.0011579,0.000262,0.0516,1.9456,83.8709,274.2112,0,U,43231,999,15109,0,-2.3e-07,0,SES,GEO,0.262
588,O3B FM16,2018-024B,2026-06-20T03:26:38.001696,5.00115959,0.0002645,0.0513,6.3997,79.8784,273.7498,0,U,43232,999,15109,0,-2.4e-07,0,SES,GEO,0.2644999999999999
589,O3B FM14,2018-024C,2026-06-20T09:13:14.136096,5.00115735,0.0002878,0.05,7.2586,82.2046,270.5674,0,U,43233,999,15110,0,-2.4e-07,0,SES,GEO,0.2878
590,O3B FM13,2018-024D,2026-06-15T06:04:14.869632,5.00080194,0.0023994,0.0569,264.3115,53.5604,41.9436,0,U,43234,999,15095,0,-1.7e-07,0,SES,GEO,2.3994
591,O3B FM20,2019-020A,2026-06-20T05:02:54.970944,5.00115596,0.0002425,0.0522,358.1977,82.5591,279.2683,0,U,44112,999,13172,0,-2.4e-07,0,SES,GEO,0.2425
592,O3B FM19,2019-020B,2026-06-20T05:41:49.676064,5.00115961,0.00039,0.0767,339.787,91.3644,288.8886,0,U,44113,999,13159,0,-2.4e-07,0,SES,GEO,0.39
593,O3B FM17,2019-020C,2026-06-19T22:01:34.724064,5.00115533,0.00025818,0.0338,7.9381,79.841,272.248,0,U,44114,999,13165,0,-2.4e-07,0,SES,GEO,0.25818
594,O3B FM18,2019-020D,2026-06-20T06:19:58.896768,5.00115338,0.0002769,0.0526,358.071,90.9871,270.9712,0,U,44115,999,13180,0,-2.4e-07,0,SES,GEO,0.2769
595,O3B MPOWER F1,2022-174A,2026-06-20T11:08:09.949056,5.00114922,0.0006455,0.0518,341.502,120.9944,117.865,0,U,54755,999,6552,0,-2.4e-07,0,SES,GEO,0.6455000000000001
596,O3B MPOWER F2,2022-174B,2026-06-20T07:24:05.961312,5.0011506,0.0005858,0.0477,341.0694,104.0711,274.924,0,U,54756,999,6560,0,-2.4e-07,0,SES,GEO,0.5858
597,O3B MPOWER F4,2023-059A,2026-06-18T18:33:53.266752,5.0011557,0.000764,0.0634,354.4763,99.1856,266.4232,0,U,56367,999,5868,0,-2.3e-07,0,SES,GEO,0.764
598,O3B MPOWER F3,2023-059B,2026-06-20T04:56:33.914112,5.0011647,0.0006721,0.0642,353.6357,93.9986,272.4403,0,U,56368,999,5488,0,-2.4e-07,0,SES,GEO,0.6721
599,O3B MPOWER F5,2023-175A,2026-06-20T02:34:07.373856,5.00116038,0.0005179,0.0493,11.3053,95.6941,253.0549,0,U,58346,999,4958,0,-2.4e-07,0,SES,GEO,0.5178999999999999
600,O3B MPOWER F6,2023-175B,2026-06-20T04:58:47.936064,5.00115911,0.0004501,0.0526,3.2901,81.6862,275.0727,0,U,58347,999,4850,0,-2.4e-07,0,SES,GEO,0.4501
601,O3B MPOWER F7,2024-244A,2026-06-20T01:46:32.176992,5.00115255,0.0006032,0.0677,347.8113,97.722,274.5333,0,U,62362,999,2667,0,-2.4e-07,0,SES,GEO,0.6032000000000001
602,O3B MPOWER F8,2024-244B,2026-06-20T05:46:46.134336,5.00115152,0.0005944,0.0157,335.679,102.2989,282.0863,0,U,62363,999,2102,0,-2.4e-07,0,SES,GEO,0.5944
603,O3B MPOWER F9,2025-153A,2026-06-20T08:58:44.018976,5.00115764,0.0006421,0.0589,9.4546,100.7311,249.881,0,U,64866,999,1971,0,-2.4e-07,0,SES,GEO,0.6421
604,O3B MPOWER F10,2025-153B,2026-06-20T08:09:47.136096,5.00114901,0.0001911,0.0567,5.4933,250.3426,104.1404,0,U,64867,999,2219,0,-2.4e-07,0,SES,GEO,0.1911
